Id,CanonicalId,Code,Name,DisplayName,AccentlessName,ShortName,Slug,SearchKeywords,Category,FoodGroup,FoodGroupLocked,Alias,GI,GL,PurineLevel,FODMAPLevel,ClinicalNotes
thit-de-ba-chi,thit-de-ba-chi,20080,Ba Ch Dê,Ba Ch Dê,Ba Ch De,Ba Ch Dê,ba-ch-de,Ba Ch Dê,meat,protein,true,,,,,,
ba-roi-bo,ba-roi-bo,20033,Ba Rọi Bò,Ba Rọi Bò,Ba Roi Bo,Ba Rọi Bò,ba-roi-bo,Ba Rọi Bò,meat,protein,true,,,,,,
bia-khong-con,bia-khong-con,90020,Bia Không Cn (0.5% ABV),Bia Không Cn (0.5% ABV),Bia Khong Cn (0.5% ABV),Bia Không Cn (0.5% ABV),bia-khong-cn-0-5-abv,Bia Không Cn (0.5% ABV),beverages,beverage,true,,,,,,
bia-lager-45,bia-lager-45,90018,Bia Lager (4.5% ABV),Bia Lager (4.5% ABV),Bia Lager (4.5% ABV),Bia Lager (4.5% ABV),bia-lager-4-5-abv,Bia Lager (4.5% ABV),beverages,beverage,true,,,,,,
bia-lager-5,bia-lager-5,90017,Bia Lager (5% ABV),Bia Lager (5% ABV),Bia Lager (5% ABV),Bia Lager (5% ABV),bia-lager-5-abv,Bia Lager (5% ABV),beverages,beverage,true,,,,,,
bia-strong-7,bia-strong-7,90019,Bia Mạnh (7% ABV),Bia Mạnh (7% ABV),Bia Manh (7% ABV),Bia Mạnh (7% ABV),bia-manh-7-abv,Bia Mạnh (7% ABV),beverages,beverage,true,,,,,,
bot-ngot-msg,bot-ngot-msg,70005,Bt Ngọt (MSG),Bt Ngọt (MSG),Bt Ngot (MSG),Bt Ngọt (MSG),bt-ngot-msg,Bt Ngọt (MSG),condiments,mixed,true,,,,,,
bot-nem,bot-nem,70010,Bt Nêm (Trung Bình),Bt Nêm (Trung Bình),Bt Nem (Trung Binh),Bt Nêm (Trung Bình),bt-nem-trung-binh,Bt Nêm (Trung Bình),condiments,mixed,true,,,,,,
banh-bao-chay,banh-bao-chay,10022,Bánh Bao Chay,Bánh Bao Chay,Banh Bao Chay,Bánh Bao Chay,banh-bao-chay,Bánh Bao Chay,snacks,snack,true,,,,,,
banh-bao,banh-bao,10029,Bánh Bao Nhân Tht,Bánh Bao Nhân Tht,Banh Bao Nhan Tht,Bánh Bao Nhân Tht,banh-bao-nhan-tht,Bánh Bao Nhân Tht,snacks,snack,true,banh-bao-thit:Bánh Bao Nhân Tht,,,,,
banh-bot-loc,banh-bot-loc,10044,Bánh Bt Lọc,Bánh Bt Lọc,Banh Bt Loc,Bánh Bt Lọc,banh-bt-loc,Bánh Bt Lọc,snacks,snack,true,,,,,,
banh-beo-viet29,banh-beo-viet29,,Bánh Bèo,Bánh Bèo,Banh Beo,Bánh Bèo,banh-beo,Bánh Bèo,snacks,snack,true,,,,,,
banh-beo-chen,banh-beo-chen,10021,Bánh Bèo Chén,Bánh Bèo Chén,Banh Beo Chen,Bánh Bèo Chén,banh-beo-chen,Bánh Bèo Chén,snacks,snack,true,,,,,,
banh-cam,banh-cam,,Bánh Cam (Bánh Rán),Bánh Cam (Bánh Rán),Banh Cam (Banh Ran),Bánh Cam (Bánh Rán),banh-cam-banh-ran,Bánh Cam (Bánh Rán),snacks,snack,true,,,,,,
banh-canh,banh-canh,,Bánh Canh,Bánh Canh,Banh Canh,Bánh Canh,banh-canh,Bánh Canh,rice-noodles,carb,true,,,,,,
banh-chung,banh-chung,10036,Bánh Chưng,Bánh Chưng,Banh Chung,Bánh Chưng,banh-chung,Bánh Chưng,rice-noodles,carb,true,,,,,,
banh-cuon,banh-cuon,10010,Bánh Cun,Bánh Cun,Banh Cun,Bánh Cun,banh-cun,Bánh Cun,rice-noodles,carb,true,banh-cuon-viet09:Bánh Cun,,,,,
banh-cuon-thit-updated,banh-cuon-thit-updated,11006,Bánh Cun Tht,Bánh Cun Tht,Banh Cun Tht,Bánh Cun Tht,banh-cun-tht,Bánh Cun Tht,soups,mixed,true,,,,,,
banh-gio,banh-gio,10030,Bánh Giò,Bánh Giò,Banh Gio,Bánh Giò,banh-gio,Bánh Giò,snacks,snack,true,,,,,,
banh-khot,banh-khot,10046,Bánh Khọt,Bánh Khọt,Banh Khot,Bánh Khọt,banh-khot,Bánh Khọt,snacks,snack,true,,,,,,
banh-mi,banh-mi,10005,Bánh Mì,Bánh Mì,Banh Mi,Bánh Mì,banh-mi,Bánh Mì,rice-noodles,carb,true,,,,,,
banh-mi-cha-lua,banh-mi-cha-lua,10027,Bánh Mì Chả Lụa,Bánh Mì Chả Lụa,Banh Mi Cha Lua,Bánh Mì Chả Lụa,banh-mi-cha-lua,Bánh Mì Chả Lụa,snacks,snack,true,,,,,,
banh-mi-den,banh-mi-den,,Bánh Mì En (Rye),Bánh Mì En (Rye),Banh Mi En (Rye),Bánh Mì En (Rye),banh-mi-en-rye,Bánh Mì En (Rye),rice-noodles,carb,true,,,,,,
banh-mi-kep,banh-mi-kep,,Bánh Mì Kẹp Tht,Bánh Mì Kẹp Tht,Banh Mi Kep Tht,Bánh Mì Kẹp Tht,banh-mi-kep-tht,Bánh Mì Kẹp Tht,snacks,snack,true,,,,,,
banh-mi-nguyen-cam,banh-mi-nguyen-cam,,Bánh Mì Nguyên Cám,Bánh Mì Nguyên Cám,Banh Mi Nguyen Cam,Bánh Mì Nguyên Cám,banh-mi-nguyen-cam,Bánh Mì Nguyên Cám,rice-noodles,carb,true,,,,,,
banh-mi-op-la,banh-mi-op-la,10026,Bánh Mì P La,Bánh Mì P La,Banh Mi P La,Bánh Mì P La,banh-mi-p-la,Bánh Mì P La,snacks,snack,true,,,,,,
banh-mi-que,banh-mi-que,12007,Bánh Mì Que,Bánh Mì Que,Banh Mi Que,Bánh Mì Que,banh-mi-que,Bánh Mì Que,snacks,snack,true,,,,,,
banh-mi-thit,banh-mi-thit,10019,Bánh Mì Tht,Bánh Mì Tht,Banh Mi Tht,Bánh Mì Tht,banh-mi-tht,Bánh Mì Tht,snacks,snack,true,,,,,,
banh-mi-trang,banh-mi-trang,,Bánh Mì Trắng,Bánh Mì Trắng,Banh Mi Trang,Bánh Mì Trắng,banh-mi-trang,Bánh Mì Trắng,rice-noodles,carb,true,,,,,,
banh-mi-trung,banh-mi-trung,10018,Bánh Mì Trứng,Bánh Mì Trứng,Banh Mi Trung,Bánh Mì Trứng,banh-mi-trung,Bánh Mì Trứng,snacks,snack,true,,,,,,
banh-mi-xiu-mai,banh-mi-xiu-mai,10028,Bánh Mì Xíu Mại,Bánh Mì Xíu Mại,Banh Mi Xiu Mai,Bánh Mì Xíu Mại,banh-mi-xiu-mai,Bánh Mì Xíu Mại,snacks,snack,true,,,,,,
banh-nam,banh-nam,10045,Bánh Nậm,Bánh Nậm,Banh Nam,Bánh Nậm,banh-nam,Bánh Nậm,snacks,snack,true,,,,,,
banh-phong-tom,banh-phong-tom,10017,Bánh Phng Tôm,Bánh Phng Tôm,Banh Phng Tom,Bánh Phng Tôm,banh-phng-tom,Bánh Phng Tôm,snacks,snack,true,,,,,,
banh-quy,banh-quy,10012,Bánh Quy,Bánh Quy,Banh Quy,Bánh Quy,banh-quy,Bánh Quy,snacks,snack,true,,,,,,
banh-tieu,banh-tieu,,Bánh Tiêu,Bánh Tiêu,Banh Tieu,Bánh Tiêu,banh-tieu,Bánh Tiêu,snacks,snack,true,,,,,,
banh-trang,banh-trang,10016,Bánh Tráng,Bánh Tráng,Banh Trang,Bánh Tráng,banh-trang,Bánh Tráng,snacks,snack,true,,,,,,
banh-trang-nuong,banh-trang-nuong,,Bánh Tráng Nưng,Bánh Tráng Nưng,Banh Trang Nung,Bánh Tráng Nưng,banh-trang-nung,Bánh Tráng Nưng,snacks,snack,true,,,,,,
banh-trang-tron,banh-trang-tron,10034,Bánh Tráng Trn,Bánh Tráng Trn,Banh Trang Trn,Bánh Tráng Trn,banh-trang-trn,Bánh Tráng Trn,snacks,snack,true,,,,,,
banh-tet,banh-tet,10037,Bánh Tét,Bánh Tét,Banh Tet,Bánh Tét,banh-tet,Bánh Tét,rice-noodles,carb,true,,,,,,
banh-xeo,banh-xeo,11022,Bánh Xèo,Bánh Xèo,Banh Xeo,Bánh Xèo,banh-xeo,Bánh Xèo,soups,mixed,true,banh-xeo-viet10:Bánh Xèo,,,,,
be-thui,be-thui,,Bê Thui,Bê Thui,Be Thui,Bê Thui,be-thui,Bê Thui,meat,protein,true,,,,,,
bi-ho-lo,bi-ho-lo,,Bí H Lô,Bí H Lô,Bi H Lo,Bí H Lô,bi-h-lo,Bí H Lô,vegetables,vegetable,true,,,,,,
bi-ngoi,bi-ngoi,,Bí Ngòi,Bí Ngòi,Bi Ngoi,Bí Ngòi,bi-ngoi,Bí Ngòi,vegetables,vegetable,true,,,,,,
bi-xanh,bi-xanh,40043,Bí Xanh (Bí Ao),Bí Xanh (Bí Ao),Bi Xanh (Bi Ao),Bí Xanh (Bí Ao),bi-xanh-bi-ao,Bí Xanh (Bí Ao),vegetables,vegetable,true,,,,,,
bi-do,bi-do,40007,Bí Ỏ,Bí Ỏ,Bi O,Bí Ỏ,bi-o,Bí Ỏ,vegetables,vegetable,true,bi-do-updated:Bí Ỏ|bi-do-veg48:Bí Ỏ,,,,,
bo-vien,bo-vien,20120,Bò Viên,Bò Viên,Bo Vien,Bò Viên,bo-vien,Bò Viên,meat,protein,true,,,,,,
bun,bun,10003,Bún,Bún,Bun,Bún,bun,Bún,rice-noodles,carb,true,,,,,,
bun-bo-hue,bun-bo-hue,11018,Bún Bò Huế,Bún Bò Huế,Bun Bo Hue,Bún Bò Huế,bun-bo-hue,Bún Bò Huế,soups,mixed,true,bun-bo-hue-viet03:Bún Bò Huế,,,,,
bun-oc,bun-oc,10042,Bún C,Bún C,Bun C,Bún C,bun-c,Bún C,rice-noodles,carb,true,,,,,,
bun-cha,bun-cha,10003,Bún Chả,Bún Chả,Bun Cha,Bún Chả,bun-cha,Bún Chả,rice-noodles,carb,true,bun-cha-viet04:Bún Chả,,,,,
bun-ca,bun-ca,10038,Bún Cá,Bún Cá,Bun Ca,Bún Cá,bun-ca,Bún Cá,rice-noodles,carb,true,,,,,,
bun-ga,bun-ga,10004,Bún G,Bún G,Bun G,Bún G,bun-g,Bún G,rice-noodles,carb,true,,,,,,
bun-gao-lut,bun-gao-lut,,Bún Gạo Lứt,Bún Gạo Lứt,Bun Gao Lut,Bún Gạo Lứt,bun-gao-lut,Bún Gạo Lứt,rice-noodles,carb,true,,,,,,
bun-mang-vit,bun-mang-vit,,Bún Mng Vt,Bún Mng Vt,Bun Mng Vt,Bún Mng Vt,bun-mng-vt,Bún Mng Vt,soups,mixed,true,,,,,,
bun-mam,bun-mam,11041,Bún Mắm,Bún Mắm,Bun Mam,Bún Mắm,bun-mam,Bún Mắm,soups,mixed,true,,,,,,
bun-mam-nem,bun-mam-nem,11041,Bún Mắm Nêm,Bún Mắm Nêm,Bun Mam Nem,Bún Mắm Nêm,bun-mam-nem,Bún Mắm Nêm,soups,mixed,true,,,,,,
bun-moc,bun-moc,10039,Bún Mọc,Bún Mọc,Bun Moc,Bún Mọc,bun-moc,Bún Mọc,rice-noodles,carb,true,,,,,,
bun-rieu,bun-rieu,11003,Bún Riêu,Bún Riêu,Bun Rieu,Bún Riêu,bun-rieu,Bún Riêu,soups,mixed,true,,,,,,
bun-rieu-chay,bun-rieu-chay,11048,Bún Riêu Chay,Bún Riêu Chay,Bun Rieu Chay,Bún Riêu Chay,bun-rieu-chay,Bún Riêu Chay,soups,mixed,true,,,,,,
bun-rieu-cua,bun-rieu-cua,11010,Bún Riêu Cua,Bún Riêu Cua,Bun Rieu Cua,Bún Riêu Cua,bun-rieu-cua,Bún Riêu Cua,soups,mixed,true,bun-rieu-cua-updated:Bún Riêu Cua,,,,,
bun-thang,bun-thang,11037,Bún Thang,Bún Thang,Bun Thang,Bún Thang,bun-thang,Bún Thang,soups,mixed,true,,,,,,
bun-thit-nuong,bun-thit-nuong,10032,Bún Tht Nưng,Bún Tht Nưng,Bun Tht Nung,Bún Tht Nưng,bun-tht-nung,Bún Tht Nưng,rice-noodles,carb,true,,,,,,
bun-tau,bun-tau,,Bún Tàu,Bún Tàu,Bun Tau,Bún Tàu,bun-tau,Bún Tàu,rice-noodles,carb,true,,,,,,
bun-tuoi,bun-tuoi,,Bún Tươi,Bún Tươi,Bun Tuoi,Bún Tươi,bun-tuoi,Bún Tươi,rice-noodles,carb,true,,,,,,
bun-dau-mam-tom,bun-dau-mam-tom,10033,Bún Ậu Mắm Tôm,Bún Ậu Mắm Tôm,Bun Au Mam Tom,Bún Ậu Mắm Tôm,bun-au-mam-tom,Bún Ậu Mắm Tôm,rice-noodles,carb,true,,,,,,
bo,bo,20003,Bơ,Bơ,Bo,Bơ,bo,Bơ,fruits,fruit,true,,,,,,
buoi,buoi,50010,Bưi,Bưi,Bui,Bưi,bui,Bưi,fruits,fruit,true,,,,,,
buoi-da-xanh,buoi-da-xanh,,Bưi Da Xanh,Bưi Da Xanh,Bui Da Xanh,Bưi Da Xanh,bui-da-xanh,Bưi Da Xanh,fruits,fruit,true,,,,,,
bach-tuoc,bach-tuoc,30035,Bạch Tuc,Bạch Tuc,Bach Tuc,Bạch Tuc,bach-tuc,Bạch Tuc,seafood,protein,true,,,,,,
bach-tuoc-kho,bach-tuoc-kho,30047,Bạch Tuc Khô,Bạch Tuc Khô,Bach Tuc Kho,Bạch Tuc Khô,bach-tuc-kho,Bạch Tuc Khô,seafood,protein,true,,,,,,
bau,bau,40045,Bầu,Bầu,Bau,Bầu,bau,Bầu,vegetables,vegetable,true,,,,,,
bau-sao,bau-sao,,Bầu Sao,Bầu Sao,Bau Sao,Bầu Sao,bau-sao,Bầu Sao,vegetables,vegetable,true,,,,,,
bap-ngo,bap-ngo,,Bắp (Ngô),Bắp (Ngô),Bap (Ngo),Bắp (Ngô),bap-ngo,Bắp (Ngô),vegetables,vegetable,true,,,,,,
thit-be-bap,thit-be-bap,20085,Bắp Bê,Bắp Bê,Bap Be,Bắp Bê,bap-be,Bắp Bê,meat,protein,true,,,,,,
bap-bo,bap-bo,,Bắp Bò,Bắp Bò,Bap Bo,Bắp Bò,bap-bo,Bắp Bò,meat,protein,true,,,,,,
bap-cai,bap-cai,40005,Bắp Cải,Bắp Cải,Bap Cai,Bắp Cải,bap-cai,Bắp Cải,vegetables,vegetable,true,,,,,,
bap-cai-trang,bap-cai-trang,,Bắp Cải Trắng,Bắp Cải Trắng,Bap Cai Trang,Bắp Cải Trắng,bap-cai-trang,Bắp Cải Trắng,vegetables,vegetable,true,,,,,,
bap-cai-tim,bap-cai-tim,40033,Bắp Cải Tím,Bắp Cải Tím,Bap Cai Tim,Bắp Cải Tím,bap-cai-tim,Bắp Cải Tím,vegetables,vegetable,true,,,,,,
thit-trau-bap,thit-trau-bap,20069,Bắp Trâu,Bắp Trâu,Bap Trau,Bắp Trâu,bap-trau,Bắp Trâu,meat,protein,true,,,,,,
bap-xao,bap-xao,,Bắp Xào,Bắp Xào,Bap Xao,Bắp Xào,bap-xao,Bắp Xào,snacks,snack,true,,,,,,
bung-ca-ngu,bung-ca-ngu,30054,Bụng Cá Ngừ,Bụng Cá Ngừ,Bung Ca Ngu,Bụng Cá Ngừ,bung-ca-ngu,Bụng Cá Ngừ,seafood,protein,true,,,,,,
co-be,co-be,20089,C Bê,C Bê,C Be,C Bê,c-be,C Bê,meat,protein,true,oc-be:C Bê,,,,,
co-ca-ngu,co-ca-ngu,30057,C Cá Ngừ,C Cá Ngừ,C Ca Ngu,C Cá Ngừ,c-ca-ngu,C Cá Ngừ,seafood,protein,true,,,,,,
co-ga,co-ga,20101,C G,C G,C G,C G,c-g,C G,meat,protein,true,,,,,,
co-vit,co-vit,20113,C Vt,C Vt,C Vt,C Vt,c-vt,C Vt,meat,protein,true,,,,,,
cam,cam,50002,Cam,Cam,Cam,Cam,cam,Cam,fruits,fruit,true,,,,,,
cam-sanh,cam-sanh,50018,Cam Sành,Cam Sành,Cam Sanh,Cam Sành,cam-sanh,Cam Sành,fruits,fruit,true,cam-sanh-fr29:Cam Sành,,,,,
canh-bi-nau-tom,canh-bi-nau-tom,11012,Canh Bí Nấu Tôm,Canh Bí Nấu Tôm,Canh Bi Nau Tom,Canh Bí Nấu Tôm,canh-bi-nau-tom,Canh Bí Nấu Tôm,soups,mixed,true,,,,,,
canh-chua,canh-chua,11001,Canh Chua,Canh Chua,Canh Chua,Canh Chua,canh-chua,Canh Chua,soups,mixed,true,,,,,,
canh-chua-ca,canh-chua-ca,11007,Canh Chua Cá,Canh Chua Cá,Canh Chua Ca,Canh Chua Cá,canh-chua-ca,Canh Chua Cá,soups,mixed,true,canh-chua-ca-updated:Canh Chua Cá,,,,,
canh-chua-ca-mien-tay,canh-chua-ca-mien-tay,11045,Canh Chua Cá Miền Tây,Canh Chua Cá Miền Tây,Canh Chua Ca Mien Tay,Canh Chua Cá Miền Tây,canh-chua-ca-mien-tay,Canh Chua Cá Miền Tây,soups,mixed,true,,,,,,
canh-cua-rau-day,canh-cua-rau-day,11039,Canh Cua Rau Ä‘ay,Canh Cua Rau Ä‘ay,Canh Cua Rau A‘ay,Canh Cua Rau Ä‘ay,canh-cua-rau-a-ay,Canh Cua Rau Ä‘ay,soups,mixed,true,,,,,,
canh-cai-xanh-thit,canh-cai-xanh-thit,11033,Canh Cải Xanh Nấu Tht,Canh Cải Xanh Nấu Tht,Canh Cai Xanh Nau Tht,Canh Cải Xanh Nấu Tht,canh-cai-xanh-nau-tht,Canh Cải Xanh Nấu Tht,soups,mixed,true,,,,,,
canh-kho-qua,canh-kho-qua,11004,Canh Kh Qua,Canh Kh Qua,Canh Kh Qua,Canh Kh Qua,canh-kh-qua,Canh Kh Qua,soups,mixed,true,,,,,,
canh-kho-qua-chay,canh-kho-qua-chay,11052,Canh Kh Qua Chay,Canh Kh Qua Chay,Canh Kh Qua Chay,Canh Kh Qua Chay,canh-kh-qua-chay,Canh Kh Qua Chay,soups,mixed,true,,,,,,
canh-muop-nau-hen,canh-muop-nau-hen,11034,Canh Mưp Nấu Hến,Canh Mưp Nấu Hến,Canh Mup Nau Hen,Canh Mưp Nấu Hến,canh-mup-nau-hen,Canh Mưp Nấu Hến,soups,mixed,true,,,,,,
canh-rau-ngot-thit,canh-rau-ngot-thit,11011,Canh Rau Ngót Tht,Canh Rau Ngót Tht,Canh Rau Ngot Tht,Canh Rau Ngót Tht,canh-rau-ngot-tht,Canh Rau Ngót Tht,soups,mixed,true,,,,,,
canh-rong-bien-chay,canh-rong-bien-chay,11051,Canh Rong Bin Chay,Canh Rong Bin Chay,Canh Rong Bin Chay,Canh Rong Bin Chay,canh-rong-bin-chay,Canh Rong Bin Chay,soups,mixed,true,,,,,,
cao-lau,cao-lau,,Cao Lầu,Cao Lầu,Cao Lau,Cao Lầu,cao-lau,Cao Lầu,soups,mixed,true,,,,,,
chuoi,chuoi,50001,Chui,Chui,Chui,Chui,chui,Chui,fruits,fruit,true,,,,,,
chuoi-tieu,chuoi-tieu,50017,Chui Tiêu,Chui Tiêu,Chui Tieu,Chui Tiêu,chui-tieu,Chui Tiêu,fruits,fruit,true,,,,,,
chuoi-tieu-fr28,chuoi-tieu-fr28,,Chui Tiêu Chín,Chui Tiêu Chín,Chui Tieu Chin,Chui Tiêu Chín,chui-tieu-chin,Chui Tiêu Chín,fruits,fruit,true,,,,,,
chao-ga,chao-ga,11057,Cháo G,Cháo G,Chao G,Cháo G,chao-g,Cháo G,soups,mixed,true,,,,,,
chao-long,chao-long,,Cháo Lòng,Cháo Lòng,Chao Long,Cháo Lòng,chao-long,Cháo Lòng,soups,mixed,true,,,,,,
chao-thit-bam,chao-thit-bam,11005,Cháo Tht Bằm,Cháo Tht Bằm,Chao Tht Bam,Cháo Tht Bằm,chao-tht-bam,Cháo Tht Bằm,soups,mixed,true,,,,,,
chao-trang,chao-trang,11056,Cháo Trắng,Cháo Trắng,Chao Trang,Cháo Trắng,chao-trang,Cháo Trắng,soups,mixed,true,,,,,,
chan-ga,chan-ga,20107,Chân G,Chân G,Chan G,Chân G,chan-g,Chân G,meat,protein,true,,,,,,
chan-gio,chan-gio,,Chân Giò,Chân Giò,Chan Gio,Chân Giò,chan-gio,Chân Giò,meat,protein,true,,,,,,
chan-vit,chan-vit,20119,Chân Vt,Chân Vt,Chan Vt,Chân Vt,chan-vt,Chân Vt,meat,protein,true,,,,,,
che-ba-mau,che-ba-mau,12004,Chè Ba Màu,Chè Ba Màu,Che Ba Mau,Chè Ba Màu,che-ba-mau,Chè Ba Màu,desserts,snack,true,,,,,,
che-khoai-mon,che-khoai-mon,12002,Chè Khoai Môn,Chè Khoai Môn,Che Khoai Mon,Chè Khoai Môn,che-khoai-mon,Chè Khoai Môn,desserts,snack,true,,,,,,
che-dau-den-viet39,che-dau-den-viet39,,Chè Ậu En,Chè Ậu En,Che Au En,Chè Ậu En,che-au-en,Chè Ậu En,desserts,snack,true,,,,,,
che-dau-xanh,che-dau-xanh,12001,Chè Ậu Xanh,Chè Ậu Xanh,Che Au Xanh,Chè Ậu Xanh,che-au-xanh,Chè Ậu Xanh,desserts,snack,true,,,,,,
chom-chom,chom-chom,50014,Chôm Chôm,Chôm Chôm,Chom Chom,Chôm Chôm,chom-chom,Chôm Chôm,fruits,fruit,true,chom-chom-fr34:Chôm Chôm|chom-chom-updated:Chôm Chôm,,,,,
cha-ca-la-vong,cha-ca-la-vong,11038,Chả Cá Lã Vọng,Chả Cá Lã Vọng,Cha Ca La Vong,Chả Cá Lã Vọng,cha-ca-la-vong,Chả Cá Lã Vọng,soups,mixed,true,,,,,,
cha-lua-chien,cha-lua-chien,,Chả Lụa Chiên,Chả Lụa Chiên,Cha Lua Chien,Chả Lụa Chiên,cha-lua-chien,Chả Lụa Chiên,meat,protein,true,,,,,,
coi-so-diep,coi-so-diep,30050,Ci Sò Ip,Ci Sò Ip,Ci So Ip,Ci Sò Ip,ci-so-ip,Ci Sò Ip,seafood,protein,true,,,,,,
cua,cua,30005,Cua,Cua,Cua,Cua,cua,Cua,seafood,protein,true,,,,,,
cua-bien,cua-bien,30012,Cua Bin,Cua Bin,Cua Bin,Cua Bin,cua-bin,Cua Bin,seafood,protein,true,cua-bien-updated:Cua Bin,,,,,
cua-dong,cua-dong,30031,Cua Ng,Cua Ng,Cua Ng,Cua Ng,cua-ng,Cua Ng,seafood,protein,true,,,,,,
ca-chua,ca-chua,40003,Cà Chua,Cà Chua,Ca Chua,Cà Chua,ca-chua,Cà Chua,vegetables,vegetable,true,ca-chua-updated:Cà Chua|ca-chua-veg35:Cà Chua,,,,,
ca-chua-bi,ca-chua-bi,,Cà Chua Bi,Cà Chua Bi,Ca Chua Bi,Cà Chua Bi,ca-chua-bi,Cà Chua Bi,vegetables,vegetable,true,,,,,,
ca-na,ca-na,50043,Cà Na,Cà Na,Ca Na,Cà Na,ca-na,Cà Na,fruits,fruit,true,,,,,,
ca-phao-muoi,ca-phao-muoi,,Cà Pháo Mui,Cà Pháo Mui,Ca Phao Mui,Cà Pháo Mui,ca-phao-mui,Cà Pháo Mui,vegetables,vegetable,true,,,,,,
ca-phao-tuoi,ca-phao-tuoi,,Cà Pháo Tươi,Cà Pháo Tươi,Ca Phao Tuoi,Cà Pháo Tươi,ca-phao-tuoi,Cà Pháo Tươi,vegetables,vegetable,true,,,,,,
ca-phe-den,ca-phe-den,90005,Cà Phê En,Cà Phê En,Ca Phe En,Cà Phê En,ca-phe-en,Cà Phê En,beverages,beverage,true,,,,,,
ca-phe-sua-da,ca-phe-sua-da,90011,Cà Phê Sữa Á,Cà Phê Sữa Á,Ca Phe Sua A,Cà Phê Sữa Á,ca-phe-sua-a,Cà Phê Sữa Á,beverages,beverage,true,,,,,,
ca-rot-rau,ca-rot-rau,40004,Cà Rt,Cà Rt,Ca Rt,Cà Rt,ca-rt,Cà Rt,vegetables,vegetable,true,,,,,,
ca-rot-tim,ca-rot-tim,,Cà Rt Tím,Cà Rt Tím,Ca Rt Tim,Cà Rt Tím,ca-rt-tim,Cà Rt Tím,vegetables,vegetable,true,,,,,,
ca-tim,ca-tim,11054,Cà Tím,Cà Tím,Ca Tim,Cà Tím,ca-tim,Cà Tím,vegetables,vegetable,true,,,,,,
ca-tim-kho-chay,ca-tim-kho-chay,11054,Cà Tím Kho Chay,Cà Tím Kho Chay,Ca Tim Kho Chay,Cà Tím Kho Chay,ca-tim-kho-chay,Cà Tím Kho Chay,soups,mixed,true,,,,,,
ca-basa,ca-basa,30001,Cá Basa,Cá Basa,Ca Basa,Cá Basa,ca-basa,Cá Basa,seafood,protein,true,,,,,,
ca-bop,ca-bop,,Cá Bp,Cá Bp,Ca Bp,Cá Bp,ca-bp,Cá Bp,seafood,protein,true,,,,,,
ca-bon-bien,ca-bon-bien,,Cá Bơn Bin,Cá Bơn Bin,Ca Bon Bin,Cá Bơn Bin,ca-bon-bin,Cá Bơn Bin,seafood,protein,true,,,,,,
ca-bac-ma,ca-bac-ma,30023,Cá Bạc Má,Cá Bạc Má,Ca Bac Ma,Cá Bạc Má,ca-bac-ma,Cá Bạc Má,seafood,protein,true,,,,,,
ca-chi-vang,ca-chi-vang,,Cá Ch Vàng,Cá Ch Vàng,Ca Ch Vang,Cá Ch Vàng,ca-ch-vang,Cá Ch Vàng,seafood,protein,true,,,,,,
ca-chim-bien,ca-chim-bien,,Cá Chim Bin,Cá Chim Bin,Ca Chim Bin,Cá Chim Bin,ca-chim-bin,Cá Chim Bin,seafood,protein,true,,,,,,
ca-chien,ca-chien,11024,Cá Chiên,Cá Chiên,Ca Chien,Cá Chiên,ca-chien,Cá Chiên,soups,mixed,true,,,,,,
ca-chuon,ca-chuon,30062,Cá Chun,Cá Chun,Ca Chun,Cá Chun,ca-chun,Cá Chun,seafood,protein,true,,,,,,
ca-chep,ca-chep,30013,Cá Chép,Cá Chép,Ca Chep,Cá Chép,ca-chep,Cá Chép,freshwater,protein,true,,,,,,
ca-chem,ca-chem,30011,Cá Chẽm,Cá Chẽm,Ca Chem,Cá Chẽm,ca-chem,Cá Chẽm,seafood,protein,true,,,,,,
ca-com-kho,ca-com-kho,,Cá Cơm Khô,Cá Cơm Khô,Ca Com Kho,Cá Cơm Khô,ca-com-kho,Cá Cơm Khô,seafood,protein,true,,,,,,
ca-com-tuoi,ca-com-tuoi,30026,Cá Cơm Tươi,Cá Cơm Tươi,Ca Com Tuoi,Cá Cơm Tươi,ca-com-tuoi,Cá Cơm Tươi,seafood,protein,true,,,,,,
ca-dieu-hong,ca-dieu-hong,30016,Cá Diêu Hng,Cá Diêu Hng,Ca Dieu Hng,Cá Diêu Hng,ca-dieu-hng,Cá Diêu Hng,freshwater,protein,true,,,,,,
ca-dua,ca-dua,,Cá Dứa,Cá Dứa,Ca Dua,Cá Dứa,ca-dua,Cá Dứa,seafood,protein,true,,,,,,
ca-ho-nuong,ca-ho-nuong,,Cá H Nưng,Cá H Nưng,Ca H Nung,Cá H Nưng,ca-h-nung,Cá H Nưng,seafood,protein,true,,,,,,
ca-hui,ca-hui,30008,Cá Hi,Cá Hi,Ca Hi,Cá Hi,ca-hi,Cá Hi,seafood,protein,true,ca-hoi:Cá Hi,,,,,
ca-hoi-nuong,ca-hoi-nuong,,Cá Hi Nưng,Cá Hi Nưng,Ca Hi Nung,Cá Hi Nưng,ca-hi-nung,Cá Hi Nưng,seafood,protein,true,,,,,,
ca-hong-bien,ca-hong-bien,,Cá Hng Bin,Cá Hng Bin,Ca Hng Bin,Cá Hng Bin,ca-hng-bin,Cá Hng Bin,seafood,protein,true,,,,,,
ca-kho-to,ca-kho-to,11009,Cá Kho T,Cá Kho T,Ca Kho T,Cá Kho T,ca-kho-t,Cá Kho T,seafood,protein,true,,,,,,
ca-kho-tieu,ca-kho-tieu,11028,Cá Kho Tiêu,Cá Kho Tiêu,Ca Kho Tieu,Cá Kho Tiêu,ca-kho-tieu,Cá Kho Tiêu,soups,mixed,true,,,,,,
ca-kho,ca-kho,30045,Cá Khô (Trung Bình),Cá Khô (Trung Bình),Ca Kho (Trung Binh),Cá Khô (Trung Bình),ca-kho-trung-binh,Cá Khô (Trung Bình),seafood,protein,true,,,,,,
ca-kim,ca-kim,,Cá Kìm,Cá Kìm,Ca Kim,Cá Kìm,ca-kim,Cá Kìm,seafood,protein,true,,,,,,
ca-linh,ca-linh,,Cá Linh,Cá Linh,Ca Linh,Cá Linh,ca-linh,Cá Linh,seafood,protein,true,,,,,,
ca-loc,ca-loc,11044,Cá Lóc,Cá Lóc,Ca Loc,Cá Lóc,ca-loc,Cá Lóc,seafood,protein,true,,,,,,
ca-loc-updated,ca-loc-updated,30019,Cá Lóc (Cá Quả),Cá Lóc (Cá Quả),Ca Loc (Ca Qua),Cá Lóc (Cá Quả),ca-loc-ca-qua,Cá Lóc (Cá Quả),freshwater,protein,true,,,,,,
ca-loc-nuong-trui,ca-loc-nuong-trui,11044,Cá Lóc Nưng Trui,Cá Lóc Nưng Trui,Ca Loc Nung Trui,Cá Lóc Nưng Trui,ca-loc-nung-trui,Cá Lóc Nưng Trui,soups,mixed,true,,,,,,
ca-moi-hop-fish32,ca-moi-hop-fish32,,Cá Mòi Hp,Cá Mòi Hp,Ca Moi Hp,Cá Mòi Hp,ca-moi-hp,Cá Mòi Hp,seafood,protein,true,,,,,,
ca-moi-nuong,ca-moi-nuong,,Cá Mòi Nưng,Cá Mòi Nưng,Ca Moi Nung,Cá Mòi Nưng,ca-moi-nung,Cá Mòi Nưng,seafood,protein,true,,,,,,
ca-moi-tuoi,ca-moi-tuoi,30027,Cá Mòi Tươi,Cá Mòi Tươi,Ca Moi Tuoi,Cá Mòi Tươi,ca-moi-tuoi,Cá Mòi Tươi,seafood,protein,true,,,,,,
ca-mu,ca-mu,30063,Cá Mú,Cá Mú,Ca Mu,Cá Mú,ca-mu,Cá Mú,seafood,protein,true,,,,,,
ca-ngu,ca-ngu,30006,Cá Ngừ,Cá Ngừ,Ca Ngu,Cá Ngừ,ca-ngu,Cá Ngừ,seafood,protein,true,,,,,,
ca-ngu-hop-nuoc,ca-ngu-hop-nuoc,,Cá Ngừ Hp (Nưc),Cá Ngừ Hp (Nưc),Ca Ngu Hp (Nuc),Cá Ngừ Hp (Nưc),ca-ngu-hp-nuc,Cá Ngừ Hp (Nưc),seafood,protein,true,,,,,,
ca-ngu-tuoi,ca-ngu-tuoi,30024,Cá Ngừ Tươi,Cá Ngừ Tươi,Ca Ngu Tuoi,Cá Ngừ Tươi,ca-ngu-tuoi,Cá Ngừ Tươi,seafood,protein,true,,,,,,
ca-ngu-ap-chao,ca-ngu-ap-chao,,Cá Ngừ Áp Chảo,Cá Ngừ Áp Chảo,Ca Ngu Ap Chao,Cá Ngừ Áp Chảo,ca-ngu-ap-chao,Cá Ngừ Áp Chảo,seafood,protein,true,,,,,,
ca-nau,ca-nau,,Cá Nâu,Cá Nâu,Ca Nau,Cá Nâu,ca-nau,Cá Nâu,seafood,protein,true,,,,,,
ca-nuc,ca-nuc,30022,Cá Nục,Cá Nục,Ca Nuc,Cá Nục,ca-nuc,Cá Nục,seafood,protein,true,,,,,,
ca-nuc-nuong,ca-nuc-nuong,,Cá Nục Nưng,Cá Nục Nưng,Ca Nuc Nung,Cá Nục Nưng,ca-nuc-nung,Cá Nục Nưng,seafood,protein,true,,,,,,
ca-ro,ca-ro,30003,Cá Rô,Cá Rô,Ca Ro,Cá Rô,ca-ro,Cá Rô,seafood,protein,true,ca-rot:Cá Rô,,,,,
ca-ro-dong,ca-ro-dong,30017,Cá Rô Ng,Cá Rô Ng,Ca Ro Ng,Cá Rô Ng,ca-ro-ng,Cá Rô Ng,freshwater,protein,true,,,,,,
ca-ro-phi,ca-ro-phi,30018,Cá Rô Phi,Cá Rô Phi,Ca Ro Phi,Cá Rô Phi,ca-ro-phi,Cá Rô Phi,freshwater,protein,true,,,,,,
ca-sac,ca-sac,,Cá Sặc,Cá Sặc,Ca Sac,Cá Sặc,ca-sac,Cá Sặc,seafood,protein,true,,,,,,
ca-thu,ca-thu,30025,Cá Thu,Cá Thu,Ca Thu,Cá Thu,ca-thu,Cá Thu,seafood,protein,true,,,,,,
ca-thu-nuong,ca-thu-nuong,,Cá Thu Nưng,Cá Thu Nưng,Ca Thu Nung,Cá Thu Nưng,ca-thu-nung,Cá Thu Nưng,seafood,protein,true,,,,,,
ca-thu-tuoi,ca-thu-tuoi,,Cá Thu Tươi,Cá Thu Tươi,Ca Thu Tuoi,Cá Thu Tươi,ca-thu-tuoi,Cá Thu Tươi,seafood,protein,true,,,,,,
ca-that-lat,ca-that-lat,,Cá Thát Lát,Cá Thát Lát,Ca That Lat,Cá Thát Lát,ca-that-lat,Cá Thát Lát,seafood,protein,true,,,,,,
ca-tra,ca-tra,30014,Cá Tra,Cá Tra,Ca Tra,Cá Tra,ca-tra,Cá Tra,seafood,protein,true,,,,,,
ca-tre,ca-tre,30010,Cá Trê,Cá Trê,Ca Tre,Cá Trê,ca-tre,Cá Trê,freshwater,protein,true,,,,,,
ca-trich,ca-trich,30061,Cá Trích,Cá Trích,Ca Trich,Cá Trích,ca-trich,Cá Trích,seafood,protein,true,,,,,,
ca-trich-nuong,ca-trich-nuong,,Cá Trích Nưng,Cá Trích Nưng,Ca Trich Nung,Cá Trích Nưng,ca-trich-nung,Cá Trích Nưng,seafood,protein,true,,,,,,
ca-troi,ca-troi,30015,Cá Trôi,Cá Trôi,Ca Troi,Cá Trôi,ca-troi,Cá Trôi,freshwater,protein,true,,,,,,
ca-tram,ca-tram,30014,Cá Trắm,Cá Trắm,Ca Tram,Cá Trắm,ca-tram,Cá Trắm,seafood,protein,true,,,,,,
ca-tram-co,ca-tram-co,30014,Cá Trắm Cỏ,Cá Trắm Cỏ,Ca Tram Co,Cá Trắm Cỏ,ca-tram-co,Cá Trắm Cỏ,freshwater,protein,true,,,,,,
ca-tuyet,ca-tuyet,,Cá Tuyết,Cá Tuyết,Ca Tuyet,Cá Tuyết,ca-tuyet,Cá Tuyết,seafood,protein,true,,,,,,
ca-duoi,ca-duoi,,Cá Ui,Cá Ui,Ca Ui,Cá Ui,ca-ui,Cá Ui,seafood,protein,true,,,,,,
canh-ga,canh-ga,20098,Cánh G,Cánh G,Canh G,Cánh G,canh-g,Cánh G,meat,protein,true,,,,,,
canh-giua-ga,canh-giua-ga,20099,Cánh Giữa G,Cánh Giữa G,Canh Giua G,Cánh Giữa G,canh-giua-g,Cánh Giữa G,meat,protein,true,,,,,,
canh-vit,canh-vit,20112,Cánh Vt,Cánh Vt,Canh Vt,Cánh Vt,canh-vt,Cánh Vt,meat,protein,true,,,,,,
canh-dau-ga,canh-dau-ga,20100,Cánh Ầu G,Cánh Ầu G,Canh Au G,Cánh Ầu G,canh-au-g,Cánh Ầu G,meat,protein,true,,,,,,
coc,coc,10008,Cóc,Cóc,Coc,Cóc,coc,Cóc,fruits,fruit,true,,,,,,
com-bo-luc-lac,com-bo-luc-lac,11061,Cơm Bò Lúc Lắc,Cơm Bò Lúc Lắc,Com Bo Luc Lac,Cơm Bò Lúc Lắc,com-bo-luc-lac,Cơm Bò Lúc Lắc,soups,mixed,true,,,,,,
com-canh-chua-ca,com-canh-chua-ca,11007,Cơm Canh Chua Cá,Cơm Canh Chua Cá,Com Canh Chua Ca,Cơm Canh Chua Cá,com-canh-chua-ca,Cơm Canh Chua Cá,soups,mixed,true,,,,,,
com-chay-thap-cam,com-chay-thap-cam,11046,Cơm Chay Thập Cẩm,Cơm Chay Thập Cẩm,Com Chay Thap Cam,Cơm Chay Thập Cẩm,com-chay-thap-cam,Cơm Chay Thập Cẩm,soups,mixed,true,,,,,,
com-chien-canh,com-chien-canh,11060,Cơm Chiên + Canh,Cơm Chiên + Canh,Com Chien + Canh,Cơm Chiên + Canh,com-chien-canh,Cơm Chiên + Canh,soups,mixed,true,,,,,,
com-chien-chay,com-chien-chay,11047,Cơm Chiên Chay,Cơm Chiên Chay,Com Chien Chay,Cơm Chiên Chay,com-chien-chay,Cơm Chiên Chay,soups,mixed,true,,,,,,
com-chien-duong-chau,com-chien-duong-chau,11021,Cơm Chiên Dương Châu,Cơm Chiên Dương Châu,Com Chien Duong Chau,Cơm Chiên Dương Châu,com-chien-duong-chau,Cơm Chiên Dương Châu,rice-noodles,carb,true,,,,,,
com-ca-kho-to,com-ca-kho-to,11009,Cơm Cá Kho T,Cơm Cá Kho T,Com Ca Kho T,Cơm Cá Kho T,com-ca-kho-t,Cơm Cá Kho T,soups,mixed,true,,,,,,
com-ga,com-ga,10009,Cơm G,Cơm G,Com G,Cơm G,com-g,Cơm G,rice-noodles,carb,true,,,,,,
com-ga-xoi-mo,com-ga-xoi-mo,11020,Cơm Gà Xi Mỡ,Cơm Gà Xi Mỡ,Com Ga Xi Mo,Cơm Gà Xi Mỡ,com-ga-xi-mo,Cơm Gà Xi Mỡ,rice-noodles,carb,true,,,,,,
com-ga-xe,com-ga-xe,11059,Cơm Gà Xé,Cơm Gà Xé,Com Ga Xe,Cơm Gà Xé,com-ga-xe,Cơm Gà Xé,soups,mixed,true,,,,,,
com-gao-lut,com-gao-lut,,Cơm Gạo Lứt,Cơm Gạo Lứt,Com Gao Lut,Cơm Gạo Lứt,com-gao-lut,Cơm Gạo Lứt,rice-noodles,carb,true,,,,,,
com-hen,com-hen,10043,Cơm Hến,Cơm Hến,Com Hen,Cơm Hến,com-hen,Cơm Hến,rice-noodles,carb,true,,,,,,
com-rang-trung,com-rang-trung,10041,Cơm Rang Trứng,Cơm Rang Trứng,Com Rang Trung,Cơm Rang Trứng,com-rang-trung,Cơm Rang Trứng,rice-noodles,carb,true,,,,,,
com-suon-canh,com-suon-canh,11058,Cơm Sườn + Canh,Cơm Sườn + Canh,Com Suon + Canh,Cơm Sườn + Canh,com-suon-canh,Cơm Sườn + Canh,soups,mixed,true,,,,,,
com-thit-kho-trung,com-thit-kho-trung,11008,Cơm Tht Kho Trứng,Cơm Tht Kho Trứng,Com Tht Kho Trung,Cơm Tht Kho Trứng,com-tht-kho-trung,Cơm Tht Kho Trứng,soups,mixed,true,,,,,,
com-trang,com-trang,10001,Cơm Trắng,Cơm Trắng,Com Trang,Cơm Trắng,com-trang,Cơm Trắng,rice-noodles,carb,true,,,,,,
com-tam,com-tam,10013,Cơm Tấm,Cơm Tấm,Com Tam,Cơm Tấm,com-tam,Cơm Tấm,rice-noodles,carb,true,,,,,,
com-tam-suon-viet05,com-tam-suon-viet05,,Cơm Tấm Sườn,Cơm Tấm Sườn,Com Tam Suon,Cơm Tấm Sườn,com-tam-suon,Cơm Tấm Sườn,rice-noodles,carb,true,,,,,,
com-tam-suon-bi-cha,com-tam-suon-bi-cha,11019,Cơm Tấm Sườn Bì Chả,Cơm Tấm Sườn Bì Chả,Com Tam Suon Bi Cha,Cơm Tấm Sườn Bì Chả,com-tam-suon-bi-cha,Cơm Tấm Sườn Bì Chả,soups,mixed,true,,,,,,
cai-bo-xoi,cai-bo-xoi,,Cải Bó Xôi,Cải Bó Xôi,Cai Bo Xoi,Cải Bó Xôi,cai-bo-xoi,Cải Bó Xôi,vegetables,vegetable,true,,,,,,
cai-ngot,cai-ngot,40038,Cải Ngọt,Cải Ngọt,Cai Ngot,Cải Ngọt,cai-ngot,Cải Ngọt,vegetables,vegetable,true,,,,,,
cai-thia-updated,cai-thia-updated,40040,Cải Thìa (Bok Choy),Cải Thìa (Bok Choy),Cai Thia (Bok Choy),Cải Thìa (Bok Choy),cai-thia-bok-choy,Cải Thìa (Bok Choy),vegetables,vegetable,true,,,,,,
cai-xanh,cai-xanh,40002,Cải Xanh,Cải Xanh,Cai Xanh,Cải Xanh,cai-xanh,Cải Xanh,vegetables,vegetable,true,,,,,,
cai-xanh-updated,cai-xanh-updated,40039,Cải Xanh (Cải Bẹ),Cải Xanh (Cải Bẹ),Cai Xanh (Cai Be),Cải Xanh (Cải Bẹ),cai-xanh-cai-be,Cải Xanh (Cải Bẹ),vegetables,vegetable,true,,,,,,
cu-cai,cu-cai,,Củ Cải,Củ Cải,Cu Cai,Củ Cải,cu-cai,Củ Cải,vegetables,vegetable,true,,,,,,
cu-cai-do,cu-cai-do,,Củ Cải Ỏ,Củ Cải Ỏ,Cu Cai O,Củ Cải Ỏ,cu-cai-o,Củ Cải Ỏ,vegetables,vegetable,true,,,,,,
cu-nang,cu-nang,,Củ Nng (Mã Thầy),Củ Nng (Mã Thầy),Cu Nng (Ma Thay),Củ Nng (Mã Thầy),cu-nng-ma-thay,Củ Nng (Mã Thầy),vegetables,vegetable,true,,,,,,
cu-sen,cu-sen,,Củ Sen,Củ Sen,Cu Sen,Củ Sen,cu-sen,Củ Sen,vegetables,vegetable,true,,,,,,
cu-tu,cu-tu,,Củ Từ,Củ Từ,Cu Tu,Củ Từ,cu-tu,Củ Từ,vegetables,vegetable,true,,,,,,
da-ga,da-ga,20102,Da G,Da G,Da G,Da G,da-g,Da G,meat,protein,true,,,,,,
da-vit,da-vit,20114,Da Vt,Da Vt,Da Vt,Da Vt,da-vt,Da Vt,meat,protein,true,,,,,,
dau-da,dau-da,50040,Dâu Da (Bòn Bon),Dâu Da (Bòn Bon),Dau Da (Bon Bon),Dâu Da (Bòn Bon),dau-da-bon-bon,Dâu Da (Bòn Bon),fruits,fruit,true,,,,,,
dau-tay,dau-tay,50016,Dâu Tây,Dâu Tây,Dau Tay,Dâu Tây,dau-tay,Dâu Tây,fruits,fruit,true,,,,,,
dau-tam,dau-tam,50041,Dâu Tằm,Dâu Tằm,Dau Tam,Dâu Tằm,dau-tam,Dâu Tằm,fruits,fruit,true,,,,,,
dua-cai-muoi,dua-cai-muoi,,Dưa Cải Mui,Dưa Cải Mui,Dua Cai Mui,Dưa Cải Mui,dua-cai-mui,Dưa Cải Mui,vegetables,vegetable,true,,,,,,
dua-gang,dua-gang,,Dưa Gang,Dưa Gang,Dua Gang,Dưa Gang,dua-gang,Dưa Gang,vegetables,vegetable,true,,,,,,
dua-hau,dua-hau,50004,Dưa Hấu,Dưa Hấu,Dua Hau,Dưa Hấu,dua-hau,Dưa Hấu,fruits,fruit,true,dua-hau-fr20:Dưa Hấu|dua-hau-updated:Dưa Hấu,,,,,
dua-leo-veg36,dua-leo-veg36,,Dưa Leo,Dưa Leo,Dua Leo,Dưa Leo,dua-leo,Dưa Leo,vegetables,vegetable,true,,,,,,
dua-leo,dua-leo,40042,Dưa Leo (Dưa Chut),Dưa Leo (Dưa Chut),Dua Leo (Dua Chut),Dưa Leo (Dưa Chut),dua-leo-dua-chut,Dưa Leo (Dưa Chut),vegetables,vegetable,true,,,,,,
dua-leo-bao-tu,dua-leo-bao-tu,,Dưa Leo Bao Tử,Dưa Leo Bao Tử,Dua Leo Bao Tu,Dưa Leo Bao Tử,dua-leo-bao-tu,Dưa Leo Bao Tử,vegetables,vegetable,true,,,,,,
dau-hao,dau-hao,70008,Dầu Hào,Dầu Hào,Dau Hao,Dầu Hào,dau-hao,Dầu Hào,condiments,fat,true,,,,,,
dau-an-thuc-vat,dau-an-thuc-vat,70006,Dầu N Thực Vật,Dầu N Thực Vật,Dau N Thuc Vat,Dầu N Thực Vật,dau-n-thuc-vat,Dầu N Thực Vật,condiments,fat,true,,,,,,
dua,dua,50023,Dứa (Thơm),Dứa (Thơm),Dua (Thom),Dứa (Thơm),dua-thom,Dứa (Thơm),fruits,fruit,true,dua-thom-fr37:Dứa (Thơm),,,,,
gan-ga,gan-ga,20104,Gan G,Gan G,Gan G,Gan G,gan-g,Gan G,meat,protein,true,,,,,,
gan-heo,gan-heo,20006,Gan Heo,Gan Heo,Gan Heo,Gan Heo,gan-heo,Gan Heo,meat,protein,true,,,,,,
gan-lon,gan-lon,,Gan Lợn,Gan Lợn,Gan Lon,Gan Lợn,gan-lon,Gan Lợn,meat,protein,true,,,,,,
gan-vit,gan-vit,20116,Gan Vt,Gan Vt,Gan Vt,Gan Vt,gan-vt,Gan Vt,meat,protein,true,,,,,,
ghe,ghe,30032,Ghẹ,Ghẹ,Ghe,Ghẹ,ghe,Ghẹ,seafood,protein,true,,,,,,
ghe-xanh,ghe-xanh,30032,Ghẹ Xanh,Ghẹ Xanh,Ghe Xanh,Ghẹ Xanh,ghe-xanh,Ghẹ Xanh,seafood,protein,true,,,,,,
thit-nguoi-giam-bong,thit-nguoi-giam-bong,20034,Gim Bông (Tht Ngui),Gim Bông (Tht Ngui),Gim Bong (Tht Ngui),Gim Bông (Tht Ngui),gim-bong-tht-ngui,Gim Bông (Tht Ngui),meat,protein,true,,,,,,
gia-do,gia-do,,Giá,Giá,Gia,Giá,gia,Giá,vegetables,vegetable,true,,,,,,
gio-heo,gio-heo,20025,Giò Heo (Chân Giò),Giò Heo (Chân Giò),Gio Heo (Chan Gio),Giò Heo (Chân Giò),gio-heo-chan-gio,Giò Heo (Chân Giò),meat,protein,true,,,,,,
gio-lua,gio-lua,,Giò Lụa,Giò Lụa,Gio Lua,Giò Lụa,gio-lua,Giò Lụa,meat,protein,true,,,,,,
ga-kho-gung,ga-kho-gung,11029,Gà Kho Gừng,Gà Kho Gừng,Ga Kho Gung,Gà Kho Gừng,ga-kho-gung,Gà Kho Gừng,soups,mixed,true,,,,,,
gan-be,gan-be,20091,Gân Bê,Gân Bê,Gan Be,Gân Bê,gan-be,Gân Bê,meat,protein,true,,,,,,
gan-bo,gan-bo,20067,Gân Bò,Gân Bò,Gan Bo,Gân Bò,gan-bo,Gân Bò,meat,protein,true,,,,,,
gan-de-gia,gan-de-gia,20082,Gân Dê,Gân Dê,Gan De,Gân Dê,gan-de,Gân Dê,meat,protein,true,,,,,,
gan-trau,gan-trau,20074,Gân Trâu,Gân Trâu,Gan Trau,Gân Trâu,gan-trau,Gân Trâu,meat,protein,true,,,,,,
gao-lut-do,gao-lut-do,,Gạo Lứt Ỏ,Gạo Lứt Ỏ,Gao Lut O,Gạo Lứt Ỏ,gao-lut-o,Gạo Lứt Ỏ,rice-noodles,carb,true,,,,,,
gao-nep,gao-nep,,Gạo Nếp,Gạo Nếp,Gao Nep,Gạo Nếp,gao-nep,Gạo Nếp,rice-noodles,carb,true,,,,,,
goi-cuon-chay,goi-cuon-chay,10023,Gỏi Cun Chay,Gỏi Cun Chay,Goi Cun Chay,Gỏi Cun Chay,goi-cun-chay,Gỏi Cun Chay,snacks,snack,true,,,,,,
goi-cuon,goi-cuon,10035,Gỏi Cun Tôm Tht,Gỏi Cun Tôm Tht,Goi Cun Tom Tht,Gỏi Cun Tôm Tht,goi-cun-tom-tht,Gỏi Cun Tôm Tht,snacks,snack,true,goi-cuon-tom-thit:Gỏi Cun Tôm Tht,,,,,
gung,gung,11029,Gừng,Gừng,Gung,Gừng,gung,Gừng,vegetables,vegetable,true,,,,,,
hanh-la,hanh-la,40049,Hành Lá,Hành Lá,Hanh La,Hành Lá,hanh-la,Hành Lá,vegetables,vegetable,true,,,,,,
hanh-tay,hanh-tay,40057,Hành Tây,Hành Tây,Hanh Tay,Hành Tây,hanh-tay,Hành Tây,vegetables,vegetable,true,,,,,,
hau,hau,50004,Hàu,Hàu,Hau,Hàu,hau,Hàu,seafood,protein,true,,,,,,
hung-que,hung-que,40051,Húng Quế,Húng Quế,Hung Que,Húng Quế,hung-que,Húng Quế,vegetables,vegetable,true,,,,,,
hat-bi,hat-bi,60020,Hạt Bí Xanh,Hạt Bí Xanh,Hat Bi Xanh,Hạt Bí Xanh,hat-bi-xanh,Hạt Bí Xanh,legumes,protein,true,,,,,,
hat-huong-duong,hat-huong-duong,60021,Hạt Hưng Dương,Hạt Hưng Dương,Hat Hung Duong,Hạt Hưng Dương,hat-hung-duong,Hạt Hưng Dương,legumes,protein,true,,,,,,
hat-dieu,hat-dieu,60019,Hạt Iều,Hạt Iều,Hat Ieu,Hạt Iều,hat-ieu,Hạt Iều,legumes,protein,true,,,,,,
me-den,me-den,60018,Hạt Mè En,Hạt Mè En,Hat Me En,Hạt Mè En,hat-me-en,Hạt Mè En,legumes,protein,true,,,,,,
me-trang,me-trang,60017,Hạt Mè Trắng,Hạt Mè Trắng,Hat Me Trang,Hạt Mè Trắng,hat-me-trang,Hạt Mè Trắng,legumes,protein,true,,,,,,
hu-tieu,hu-tieu,11017,Hủ Tiếu,Hủ Tiếu,Hu Tieu,Hủ Tiếu,hu-tieu,Hủ Tiếu,rice-noodles,carb,true,,,,,,
hu-tieu-nam-vang,hu-tieu-nam-vang,11017,Hủ Tiếu Nam Vang,Hủ Tiếu Nam Vang,Hu Tieu Nam Vang,Hủ Tiếu Nam Vang,hu-tieu-nam-vang,Hủ Tiếu Nam Vang,soups,mixed,true,,,,,,
oi,oi,20096,I,I,I,I,i,I,fruits,fruit,true,oi-fr38:I,,,,,
jambon-meat32,jambon-meat32,,Jambon (Gim Bông),Jambon (Gim Bông),Jambon (Gim Bong),Jambon (Gim Bông),jambon-gim-bong,Jambon (Gim Bông),meat,protein,true,,,,,,
kem,kem,12003,Kem,Kem,Kem,Kem,kem,Kem,desserts,snack,true,,,,,,
kho-qua,kho-qua,11004,Kh Qua,Kh Qua,Kh Qua,Kh Qua,kh-qua,Kh Qua,vegetables,vegetable,true,,,,,,
kho-qua-rung,kho-qua-rung,,Kh Qua Rừng,Kh Qua Rừng,Kh Qua Rung,Kh Qua Rừng,kh-qua-rung,Kh Qua Rừng,vegetables,vegetable,true,,,,,,
khoai-lang,khoai-lang,10007,Khoai Lang,Khoai Lang,Khoai Lang,Khoai Lang,khoai-lang,Khoai Lang,vegetables,vegetable,true,khoai-lang-veg29:Khoai Lang,,,,,
khoai-lang-tim,khoai-lang-tim,,Khoai Lang Tím,Khoai Lang Tím,Khoai Lang Tim,Khoai Lang Tím,khoai-lang-tim,Khoai Lang Tím,vegetables,vegetable,true,,,,,,
khoai-mi,khoai-mi,,Khoai Mì (Sắn),Khoai Mì (Sắn),Khoai Mi (San),Khoai Mì (Sắn),khoai-mi-san,Khoai Mì (Sắn),vegetables,vegetable,true,,,,,,
khoai-mon,khoai-mon,40019,Khoai Môn,Khoai Môn,Khoai Mon,Khoai Môn,khoai-mon,Khoai Môn,vegetables,vegetable,true,,,,,,
khoai-mo,khoai-mo,40019,Khoai Mỡ,Khoai Mỡ,Khoai Mo,Khoai Mỡ,khoai-mo,Khoai Mỡ,vegetables,vegetable,true,,,,,,
khoai-so,khoai-so,,Khoai Sọ,Khoai Sọ,Khoai So,Khoai Sọ,khoai-so,Khoai Sọ,vegetables,vegetable,true,,,,,,
khoai-tay,khoai-tay,40006,Khoai Tây,Khoai Tây,Khoai Tay,Khoai Tây,khoai-tay,Khoai Tây,vegetables,vegetable,true,khoai-tay-veg50:Khoai Tây,,,,,
khoai-tay-chien,khoai-tay-chien,10011,Khoai Tây Chiên,Khoai Tây Chiên,Khoai Tay Chien,Khoai Tây Chiên,khoai-tay-chien,Khoai Tây Chiên,snacks,snack,true,,,,,,
le,le,10001,Lê,Lê,Le,Lê,le,Lê,fruits,fruit,true,le-fr24:Lê,,,,,
le-viet,le-viet,50038,Lê Vit Nam,Lê Vit Nam,Le Vit Nam,Lê Vit Nam,le-vit-nam,Lê Vit Nam,fruits,fruit,true,,,,,,
gan-de,gan-de,20081,Lòng Dê (Ni Tạng),Lòng Dê (Ni Tạng),Long De (Ni Tang),Lòng Dê (Ni Tạng),long-de-ni-tang,Lòng Dê (Ni Tạng),meat,protein,true,,,,,,
long-ga,long-ga,20103,Lòng Gà (Ni Tạng),Lòng Gà (Ni Tạng),Long Ga (Ni Tang),Lòng Gà (Ni Tạng),long-ga-ni-tang,Lòng Gà (Ni Tạng),meat,protein,true,,,,,,
long-heo,long-heo,20121,Lòng Heo (Rut Non),Lòng Heo (Rut Non),Long Heo (Rut Non),Lòng Heo (Rut Non),long-heo-rut-non,Lòng Heo (Rut Non),meat,protein,true,,,,,,
long-lon,long-lon,,Lòng Lợn,Lòng Lợn,Long Lon,Lòng Lợn,long-lon,Lòng Lợn,meat,protein,true,,,,,,
long-trau,long-trau,20075,Lòng Trâu (Ni Tạng),Lòng Trâu (Ni Tạng),Long Trau (Ni Tang),Lòng Trâu (Ni Tạng),long-trau-ni-tang,Lòng Trâu (Ni Tạng),meat,protein,true,,,,,,
long-vit,long-vit,20115,Lòng Vt (Ni Tạng),Lòng Vt (Ni Tạng),Long Vt (Ni Tang),Lòng Vt (Ni Tạng),long-vt-ni-tang,Lòng Vt (Ni Tạng),meat,protein,true,,,,,,
lac,lac,60005,Lạc (Đậu Phng),Lạc (Đậu Phng),Lac (Đau Phng),Lạc (Đậu Phng),lac-au-phng,Lạc (Đậu Phng),legumes,protein,true,,,,,,
lau-mam,lau-mam,11043,Lẩu Mắm,Lẩu Mắm,Lau Mam,Lẩu Mắm,lau-mam,Lẩu Mắm,soups,mixed,true,,,,,,
me-chin,me-chin,50033,Me Chín,Me Chín,Me Chin,Me Chín,me-chin,Me Chín,fruits,fruit,true,,,,,,
me-xanh,me-xanh,,Me Xanh,Me Xanh,Me Xanh,Me Xanh,me-xanh,Me Xanh,fruits,fruit,true,,,,,,
mien,mien,10006,Miến,Miến,Mien,Miến,mien,Miến,rice-noodles,carb,true,,,,,,
mang-cut,mang-cut,50013,Mng Cụt,Mng Cụt,Mng Cut,Mng Cụt,mng-cut,Mng Cụt,fruits,fruit,true,mang-cut-fr33:Mng Cụt|mang-cut-updated:Mng Cụt,,,,,
mang-tuoi,mang-tuoi,40029,Mng Tươi,Mng Tươi,Mng Tuoi,Mng Tươi,mng-tuoi,Mng Tươi,vegetables,vegetable,true,,,,,,
muoi-an,muoi-an,70003,Mui N,Mui N,Mui N,Mui N,mui-n,Mui N,condiments,mixed,true,,,,,,
ma-ca-ngu,ma-ca-ngu,30056,Má Cá Ngừ,Má Cá Ngừ,Ma Ca Ngu,Má Cá Ngừ,ma-ca-ngu,Má Cá Ngừ,seafood,protein,true,,,,,,
mam-xoi,mam-xoi,50015,Mâm Xôi,Mâm Xôi,Mam Xoi,Mâm Xôi,mam-xoi,Mâm Xôi,fruits,fruit,true,,,,,,
mi-goi,mi-goi,10031,Mì Gói (Mì N Liền),Mì Gói (Mì N Liền),Mi Goi (Mi N Lien),Mì Gói (Mì N Liền),mi-goi-mi-n-lien,Mì Gói (Mì N Liền),snacks,snack,true,,,,,,
mi-quang,mi-quang,11040,Mì Quảng,Mì Quảng,Mi Quang,Mì Quảng,mi-quang,Mì Quảng,soups,mixed,true,mi-quang-viet17:Mì Quảng,,,,,
mi-tom,mi-tom,,Mì Tôm,Mì Tôm,Mi Tom,Mì Tôm,mi-tom,Mì Tôm,rice-noodles,carb,true,,,,,,
mi-xao-bo,mi-xao-bo,10040,Mì Xào Bò,Mì Xào Bò,Mi Xao Bo,Mì Xào Bò,mi-xao-bo,Mì Xào Bò,rice-noodles,carb,true,,,,,,
mit,mit,50011,Mít,Mít,Mit,Mít,mit,Mít,fruits,fruit,true,,,,,,
mit-chin,mit-chin,50027,Mít Chín,Mít Chín,Mit Chin,Mít Chín,mit-chin,Mít Chín,fruits,fruit,true,,,,,,
muop-huong,muop-huong,,Mưp Hương,Mưp Hương,Mup Huong,Mưp Hương,mup-huong,Mưp Hương,vegetables,vegetable,true,,,,,,
muop-khia,muop-khia,,Mưp Khía,Mưp Khía,Mup Khia,Mưp Khía,mup-khia,Mưp Khía,vegetables,vegetable,true,,,,,,
man-roi,man-roi,,Mận (Roi),Mận (Roi),Man (Roi),Mận (Roi),man-roi,Mận (Roi),fruits,fruit,true,,,,,,
man-bac,man-bac,50036,Mận Bắc,Mận Bắc,Man Bac,Mận Bắc,man-bac,Mận Bắc,fruits,fruit,true,,,,,,
mat-ong,mat-ong,,Mật Ong,Mật Ong,Mat Ong,Mật Ong,mat-ong,Mật Ong,condiments,mixed,true,,,,,,
mam-nem,mam-nem,70012,Mắm Nêm,Mắm Nêm,Mam Nem,Mắm Nêm,mam-nem,Mắm Nêm,condiments,mixed,true,,,,,,
mam-tom,mam-tom,70013,Mắm Tôm,Mắm Tôm,Mam Tom,Mắm Tôm,mam-tom,Mắm Tôm,condiments,mixed,true,,,,,,
me-ga,me-ga,20105,Mề G,Mề G,Me G,Mề G,me-g,Mề G,meat,protein,true,,,,,,
me-vit,me-vit,20117,Mề Vt,Mề Vt,Me Vt,Mề Vt,me-vt,Mề Vt,meat,protein,true,,,,,,
mo-heo-thang,mo-heo-thang,70011,Mỡ Heo Thắng,Mỡ Heo Thắng,Mo Heo Thang,Mỡ Heo Thắng,mo-heo-thang,Mỡ Heo Thắng,condiments,fat,true,,,,,,
muc,muc,30007,Mực,Mực,Muc,Mực,muc,Mực,seafood,protein,true,,,,,,
muc-kho,muc-kho,30046,Mực Khô,Mực Khô,Muc Kho,Mực Khô,muc-kho,Mực Khô,seafood,protein,true,,,,,,
muc-nang,muc-nang,30034,Mực Nang,Mực Nang,Muc Nang,Mực Nang,muc-nang,Mực Nang,seafood,protein,true,,,,,,
muc-ong,muc-ong,30033,Mực Ng,Mực Ng,Muc Ng,Mực Ng,muc-ng,Mực Ng,seafood,protein,true,,,,,,
nem-chua-meat27,nem-chua-meat27,,Nem Chua,Nem Chua,Nem Chua,Nem Chua,nem-chua,Nem Chua,meat,protein,true,,,,,,
nem-nuong-updated,nem-nuong-updated,10020,Nem Nưng,Nem Nưng,Nem Nung,Nem Nưng,nem-nung,Nem Nưng,snacks,snack,true,nem-nuong:Nem Nưng,,,,,
nem-ran-viet12,nem-ran-viet12,,Nem Rán (Chả Giò),Nem Rán (Chả Giò),Nem Ran (Cha Gio),Nem Rán (Chả Giò),nem-ran-cha-gio,Nem Rán (Chả Giò),snacks,snack,true,,,,,,
nghe,nghe,30037,Ngh Tươi,Ngh Tươi,Ngh Tuoi,Ngh Tươi,ngh-tuoi,Ngh Tươi,vegetables,vegetable,true,,,,,,
ngheu,ngheu,30037,Nghêu (Ngao),Nghêu (Ngao),Ngheu (Ngao),Nghêu (Ngao),ngheu-ngao,Nghêu (Ngao),seafood,protein,true,ngheu-so:Nghêu (Ngao),,,,,
ngu-coc,ngu-coc,10008,Ngô (Bắp),Ngô (Bắp),Ngo (Bap),Ngô (Bắp),ngo-bap,Ngô (Bắp),snacks,snack,true,,,,,,
nho,nho,50008,Nho,Nho,Nho,Nho,nho,Nho,fruits,fruit,true,,,,,,
nhan,nhan,50029,Nhãn,Nhãn,Nhan,Nhãn,nhan,Nhãn,fruits,fruit,true,nhan-fr35:Nhãn,,,,,
nuoc-cam,nuoc-cam,90002,Nưc Cam,Nưc Cam,Nuc Cam,Nưc Cam,nuc-cam,Nưc Cam,beverages,beverage,true,,,,,,
nuoc-chanh,nuoc-chanh,90004,Nưc Chanh,Nưc Chanh,Nuc Chanh,Nưc Chanh,nuc-chanh,Nưc Chanh,beverages,beverage,true,,,,,,
nuoc-dua,nuoc-dua,90001,Nưc Dừa Tươi,Nưc Dừa Tươi,Nuc Dua Tuoi,Nưc Dừa Tươi,nuc-dua-tuoi,Nưc Dừa Tươi,beverages,beverage,true,,,,,,
nuoc-mia,nuoc-mia,90012,Nưc Mía,Nưc Mía,Nuc Mia,Nưc Mía,nuc-mia,Nưc Mía,beverages,beverage,true,,,,,,
nuoc-mam,nuoc-mam,70001,Nưc Mắm,Nưc Mắm,Nuc Mam,Nưc Mắm,nuc-mam,Nưc Mắm,condiments,mixed,true,,,,,,
nuoc-mam-pha,nuoc-mam-pha,70009,Nưc Mắm Pha,Nưc Mắm Pha,Nuc Mam Pha,Nưc Mắm Pha,nuc-mam-pha,Nưc Mắm Pha,condiments,mixed,true,,,,,,
nuoc-tuong,nuoc-tuong,,Nưc Tương,Nưc Tương,Nuc Tuong,Nưc Tương,nuc-tuong,Nưc Tương,condiments,mixed,true,,,,,,
nuoc-dau-xanh,nuoc-dau-xanh,90008,Nưc Ậu Xanh,Nưc Ậu Xanh,Nuc Au Xanh,Nưc Ậu Xanh,nuc-au-xanh,Nưc Ậu Xanh,beverages,beverage,true,,,,,,
thit-lung-ca-ngu,thit-lung-ca-ngu,30055,Nạc Lưng Cá Ngừ,Nạc Lưng Cá Ngừ,Nac Lung Ca Ngu,Nạc Lưng Cá Ngừ,nac-lung-ca-ngu,Nạc Lưng Cá Ngừ,seafood,protein,true,,,,,,
thit-be-nam,thit-be-nam,20086,Nạm Bê,Nạm Bê,Nam Be,Nạm Bê,nam-be,Nạm Bê,meat,protein,true,,,,,,
nam-bao-ngu,nam-bao-ngu,40031,Nấm Bào Ngư,Nấm Bào Ngư,Nam Bao Ngu,Nấm Bào Ngư,nam-bao-ngu,Nấm Bào Ngư,vegetables,vegetable,true,,,,,,
nam-kho-tieu-chay,nam-kho-tieu-chay,11055,Nấm Kho Tiêu Chay,Nấm Kho Tiêu Chay,Nam Kho Tieu Chay,Nấm Kho Tiêu Chay,nam-kho-tieu-chay,Nấm Kho Tiêu Chay,soups,mixed,true,,,,,,
nam-kim-cham,nam-kim-cham,40032,Nấm Kim Châm,Nấm Kim Châm,Nam Kim Cham,Nấm Kim Châm,nam-kim-cham,Nấm Kim Châm,vegetables,vegetable,true,,,,,,
nam-rom,nam-rom,40030,Nấm Rơm,Nấm Rơm,Nam Rom,Nấm Rơm,nam-rom,Nấm Rơm,vegetables,vegetable,true,,,,,,
pho-bo,pho-bo,11016,Ph Bò,Ph Bò,Ph Bo,Ph Bò,ph-bo,Ph Bò,rice-noodles,carb,true,pho-bo-viet01:Ph Bò,,,,,
pho-chay,pho-chay,11049,Ph Chay,Ph Chay,Ph Chay,Ph Chay,ph-chay,Ph Chay,soups,mixed,true,,,,,,
pho-ga,pho-ga,11015,Ph G,Ph G,Ph G,Ph G,ph-g,Ph G,soups,mixed,true,pho-ga-viet02:Ph G,,,,,
pho-mai,pho-mai,80004,Phô Mai,Phô Mai,Pho Mai,Phô Mai,pho-mai,Phô Mai,dairy,protein,true,,,,,,
pho-mai-it-beo,pho-mai-it-beo,,Phô Mai Tươi Ít Béo,Phô Mai Tươi Ít Béo,Pho Mai Tuoi It Beo,Phô Mai Tươi Ít Béo,pho-mai-tuoi-it-beo,Phô Mai Tươi Ít Béo,dairy,protein,true,,,,,,
quyt,quyt,50019,Quýt,Quýt,Quyt,Quýt,quyt,Quýt,fruits,fruit,true,quyt-fr30:Quýt,,,,,
bo-ngot-rung,bo-ngot-rung,,Rau B Ngót (Ngót Rừng),Rau B Ngót (Ngót Rừng),Rau B Ngot (Ngot Rung),Rau B Ngót (Ngót Rừng),rau-b-ngot-ngot-rung,Rau B Ngót (Ngót Rừng),vegetables,vegetable,true,,,,,,
rau-cang-cua,rau-cang-cua,,Rau Càng Cua,Rau Càng Cua,Rau Cang Cua,Rau Càng Cua,rau-cang-cua,Rau Càng Cua,vegetables,vegetable,true,,,,,,
rau-cai,rau-cai,40008,Rau Cải,Rau Cải,Rau Cai,Rau Cải,rau-cai,Rau Cải,vegetables,vegetable,true,,,,,,
cai-be-xanh,cai-be-xanh,,Rau Cải Bẹ Xanh,Rau Cải Bẹ Xanh,Rau Cai Be Xanh,Rau Cải Bẹ Xanh,rau-cai-be-xanh,Rau Cải Bẹ Xanh,vegetables,vegetable,true,,,,,,
rau-cai-cuc,rau-cai-cuc,40018,Rau Cải Cúc,Rau Cải Cúc,Rau Cai Cuc,Rau Cải Cúc,rau-cai-cuc,Rau Cải Cúc,vegetables,vegetable,true,,,,,,
rau-cai-luoc,rau-cai-luoc,40048,Rau Cải Luc,Rau Cải Luc,Rau Cai Luc,Rau Cải Luc,rau-cai-luc,Rau Cải Luc,vegetables,vegetable,true,,,,,,
cai-ngot-veg64,cai-ngot-veg64,,Rau Cải Ngọt,Rau Cải Ngọt,Rau Cai Ngot,Rau Cải Ngọt,rau-cai-ngot,Rau Cải Ngọt,vegetables,vegetable,true,,,,,,
rau-cai-thia,rau-cai-thia,40017,Rau Cải Thìa,Rau Cải Thìa,Rau Cai Thia,Rau Cải Thìa,rau-cai-thia,Rau Cải Thìa,vegetables,vegetable,true,cai-thia-veg25:Rau Cải Thìa,,,,,
cai-thao-veg66,cai-thao-veg66,,Rau Cải Thảo,Rau Cải Thảo,Rau Cai Thao,Rau Cải Thảo,rau-cai-thao,Rau Cải Thảo,vegetables,vegetable,true,,,,,,
cai-xanh-veg65,cai-xanh-veg65,,Rau Cải Xanh,Rau Cải Xanh,Rau Cai Xanh,Rau Cải Xanh,rau-cai-xanh,Rau Cải Xanh,vegetables,vegetable,true,,,,,,
cai-xoong,cai-xoong,,Rau Cải Xoong,Rau Cải Xoong,Rau Cai Xoong,Rau Cải Xoong,rau-cai-xoong,Rau Cải Xoong,vegetables,vegetable,true,,,,,,
rau-cu-xao-thap-cam,rau-cu-xao-thap-cam,11053,Rau Củ Xào Thập Cẩm,Rau Củ Xào Thập Cẩm,Rau Cu Xao Thap Cam,Rau Củ Xào Thập Cẩm,rau-cu-xao-thap-cam,Rau Củ Xào Thập Cẩm,soups,mixed,true,,,,,,
rau-diep,rau-diep,40011,Rau Diếp,Rau Diếp,Rau Diep,Rau Diếp,rau-diep,Rau Diếp,vegetables,vegetable,true,,,,,,
diep-ca,diep-ca,,Rau Diếp Cá,Rau Diếp Cá,Rau Diep Ca,Rau Diếp Cá,rau-diep-ca,Rau Diếp Cá,vegetables,vegetable,true,,,,,,
rau-don,rau-don,,Rau Dn,Rau Dn,Rau Dn,Rau Dn,rau-dn,Rau Dn,vegetables,vegetable,true,,,,,,
rau-den,rau-den,40015,Rau Dền,Rau Dền,Rau Den,Rau Dền,rau-den,Rau Dền,vegetables,vegetable,true,rau-den-updated:Rau Dền|rau-den-veg16:Rau Dền,,,,,
rau-den-com-veg68,rau-den-com-veg68,,Rau Dền Cơm,Rau Dền Cơm,Rau Den Com,Rau Dền Cơm,rau-den-com,Rau Dền Cơm,vegetables,vegetable,true,,,,,,
rau-den-gai-veg69,rau-den-gai-veg69,,Rau Dền Gai,Rau Dền Gai,Rau Den Gai,Rau Dền Gai,rau-den-gai,Rau Dền Gai,vegetables,vegetable,true,,,,,,
rau-he,rau-he,,Rau Hẹ,Rau Hẹ,Rau He,Rau Hẹ,rau-he,Rau Hẹ,vegetables,vegetable,true,,,,,,
kinh-gioi-veg74,kinh-gioi-veg74,,Rau Kinh Gii,Rau Kinh Gii,Rau Kinh Gii,Rau Kinh Gii,rau-kinh-gii,Rau Kinh Gii,vegetables,vegetable,true,,,,,,
rau-lang,rau-lang,40010,Rau Lang,Rau Lang,Rau Lang,Rau Lang,rau-lang,Rau Lang,vegetables,vegetable,true,,,,,,
rau-lang-veg70,rau-lang-veg70,,Rau Lang (Ngọn Khoai Lang),Rau Lang (Ngọn Khoai Lang),Rau Lang (Ngon Khoai Lang),Rau Lang (Ngọn Khoai,rau-lang-ngon-khoai-lang,Rau Lang (Ngọn Khoai Lang),vegetables,vegetable,true,,,,,,
rau-luoc-kho-quet,rau-luoc-kho-quet,11026,Rau Luc Chấm Kho Quẹt,Rau Luc Chấm Kho Quẹt,Rau Luc Cham Kho Quet,Rau Luc Chấm Kho Quẹt,rau-luc-cham-kho-quet,Rau Luc Chấm Kho Quẹt,soups,mixed,true,,,,,,
mong-toi,mong-toi,40037,Rau Mng Tơi,Rau Mng Tơi,Rau Mng Toi,Rau Mng Tơi,rau-mng-toi,Rau Mng Tơi,vegetables,vegetable,true,mong-toi-veg67:Rau Mng Tơi|rau-mong-toi:Rau Mng Tơi,,,,,
rau-muong,rau-muong,40001,Rau Mung,Rau Mung,Rau Mung,Rau Mung,rau-mung,Rau Mung,vegetables,vegetable,true,rau-muong-updated:Rau Mung|rau-muong-veg63:Rau Mung,,,,,
rau-muong-xao-toi,rau-muong-xao-toi,40047,Rau Mung Xào Tỏi,Rau Mung Xào Tỏi,Rau Mung Xao Toi,Rau Mung Xào Tỏi,rau-mung-xao-toi,Rau Mung Xào Tỏi,vegetables,vegetable,true,,,,,,
rau-ma,rau-ma,40016,Rau Má,Rau Má,Rau Ma,Rau Má,rau-ma,Rau Má,vegetables,vegetable,true,,,,,,
rau-mui,rau-mui,40050,Rau Mùi (Ngò),Rau Mùi (Ngò),Rau Mui (Ngo),Rau Mùi (Ngò),rau-mui-ngo,Rau Mùi (Ngò),vegetables,vegetable,true,,,,,,
rau-ngot,rau-ngot,11011,Rau Ngót,Rau Ngót,Rau Ngot,Rau Ngót,rau-ngot,Rau Ngót,vegetables,vegetable,true,rau-ngo:Rau Ngót|rau-ngot-updated:Rau Ngót,,,,,
rau-ram,rau-ram,40052,Rau Räƒm,Rau Räƒm,Rau Raƒm,Rau Räƒm,rau-ra-m,Rau Räƒm,vegetables,vegetable,true,,,,,,
rau-sam,rau-sam,,Rau Sam,Rau Sam,Rau Sam,Rau Sam,rau-sam,Rau Sam,vegetables,vegetable,true,,,,,,
thi-la-veg73,thi-la-veg73,,Rau Thì L,Rau Thì L,Rau Thi L,Rau Thì L,rau-thi-l,Rau Thì L,vegetables,vegetable,true,,,,,,
tan-o,tan-o,,Rau Tần Ô,Rau Tần Ô,Rau Tan O,Rau Tần Ô,rau-tan-o,Rau Tần Ô,vegetables,vegetable,true,,,,,,
tan-o-veg71,tan-o-veg71,,Rau Tần Ô (Cải Cúc),Rau Tần Ô (Cải Cúc),Rau Tan O (Cai Cuc),Rau Tần Ô (Cải Cúc),rau-tan-o-cai-cuc,Rau Tần Ô (Cải Cúc),vegetables,vegetable,true,,,,,,
xa-lach,xa-lach,40041,Rau Xà Lách,Rau Xà Lách,Rau Xa Lach,Rau Xà Lách,rau-xa-lach,Rau Xà Lách,vegetables,vegetable,true,,,,,,
xa-lach-xoan-veg72,xa-lach-xoan-veg72,,Rau Xà Lách Xon,Rau Xà Lách Xon,Rau Xa Lach Xon,Rau Xà Lách Xon,rau-xa-lach-xon,Rau Xà Lách Xon,vegetables,vegetable,true,,,,,,
rau-day,rau-day,11039,Rau Ä‘ay,Rau Ä‘ay,Rau A‘ay,Rau Ä‘ay,rau-a-ay,Rau Ä‘ay,vegetables,vegetable,true,,,,,,
roi,roi,50037,Roi (Mận Miền Nam),Roi (Mận Miền Nam),Roi (Man Mien Nam),Roi (Mận Miền Nam),roi-man-mien-nam,Roi (Mận Miền Nam),fruits,fruit,true,,,,,,
rong-bien-kho,rong-bien-kho,30052,Rong Bin Khô,Rong Bin Khô,Rong Bin Kho,Rong Bin Khô,rong-bin-kho,Rong Bin Khô,seafood,protein,true,,,,,,
ruoc-ca,ruoc-ca,30049,Ruc Cá,Ruc Cá,Ruc Ca,Ruc Cá,ruc-ca,Ruc Cá,seafood,protein,true,,,,,,
ruoc-thit,ruoc-thit,,Ruc Tht,Ruc Tht,Ruc Tht,Ruc Tht,ruc-tht,Ruc Tht,meat,protein,true,,,,,,
ruoc-tom,ruoc-tom,30048,Ruc Tôm,Ruc Tôm,Ruc Tom,Ruc Tôm,ruc-tom,Ruc Tôm,seafood,protein,true,,,,,,
ruou-gao-30,ruou-gao-30,90025,Rượu Gạo (30% ABV),Rượu Gạo (30% ABV),Ruou Gao (30% ABV),Rượu Gạo (30% ABV),ruou-gao-30-abv,Rượu Gạo (30% ABV),beverages,beverage,true,,,,,,
ruou-vang-trang-12,ruou-vang-trang-12,90022,Rượu Vang Trắng (12% ABV),Rượu Vang Trắng (12% ABV),Ruou Vang Trang (12% ABV),Rượu Vang Trắng (12%,ruou-vang-trang-12-abv,Rượu Vang Trắng (12% ABV),beverages,beverage,true,,,,,,
ruou-vang-do-13,ruou-vang-do-13,90021,Rượu Vang Ỏ (13% ABV),Rượu Vang Ỏ (13% ABV),Ruou Vang O (13% ABV),Rượu Vang Ỏ (13% ABV),ruou-vang-o-13-abv,Rượu Vang Ỏ (13% ABV),beverages,beverage,true,,,,,,
sinh-to-bo,sinh-to-bo,90016,Sinh T Bơ,Sinh T Bơ,Sinh T Bo,Sinh T Bơ,sinh-t-bo,Sinh T Bơ,beverages,beverage,true,,,,,,
su-hao,su-hao,,Su Hào,Su Hào,Su Hao,Su Hào,su-hao,Su Hào,vegetables,vegetable,true,,,,,,
su-su,su-su,40013,Su Su,Su Su,Su Su,Su Su,su-su,Su Su,vegetables,vegetable,true,su-su-updated:Su Su,,,,,
sung,sung,50039,Sung,Sung,Sung,Sung,sung,Sung,fruits,fruit,true,,,,,,
sam-bo-luong,sam-bo-luong,90015,Sâm B Lượng,Sâm B Lượng,Sam B Luong,Sâm B Lượng,sam-b-luong,Sâm B Lượng,beverages,beverage,true,,,,,,
so-huyet,so-huyet,30036,Sò Huyết,Sò Huyết,So Huyet,Sò Huyết,so-huyet,Sò Huyết,seafood,protein,true,,,,,,
so-diep,so-diep,30039,Sò Ip,Sò Ip,So Ip,Sò Ip,so-ip,Sò Ip,seafood,protein,true,,,,,,
sup-lo,sup-lo,,Súp Lơ,Súp Lơ,Sup Lo,Súp Lơ,sup-lo,Súp Lơ,vegetables,vegetable,true,,,,,,
suon-be,suon-be,20088,Sườn Bê,Sườn Bê,Suon Be,Sườn Bê,suon-be,Sườn Bê,meat,protein,true,,,,,,
suon-de,suon-de,20079,Sườn Dê,Sườn Dê,Suon De,Sườn Dê,suon-de,Sườn Dê,meat,protein,true,,,,,,
suon-heo-non,suon-heo-non,20026,Sườn Heo Non,Sườn Heo Non,Suon Heo Non,Sườn Heo Non,suon-heo-non,Sườn Heo Non,meat,protein,true,,,,,,
suon-non,suon-non,,Sườn Non,Sườn Non,Suon Non,Sườn Non,suon-non,Sườn Non,meat,protein,true,,,,,,
suon-trau,suon-trau,20072,Sườn Trâu,Sườn Trâu,Suon Trau,Sườn Trâu,suon-trau,Sườn Trâu,meat,protein,true,,,,,,
sa-cay,sa-cay,40055,Sả Cây,Sả Cây,Sa Cay,Sả Cây,sa-cay,Sả Cây,vegetables,vegetable,true,,,,,,
sau,sau,50035,Sấu,Sấu,Sau,Sấu,sau,Sấu,fruits,fruit,true,,,,,,
sau-rieng,sau-rieng,50012,Sầu Riêng,Sầu Riêng,Sau Rieng,Sầu Riêng,sau-rieng,Sầu Riêng,fruits,fruit,true,sau-rieng-fr32:Sầu Riêng,,,,,
san,san,50018,Sắn (Củ Mì),Sắn (Củ Mì),San (Cu Mi),Sắn (Củ Mì),san-cu-mi,Sắn (Củ Mì),vegetables,vegetable,true,,,,,,
sua-bien,sua-bien,30051,Sứa Bin,Sứa Bin,Sua Bin,Sứa Bin,sua-bin,Sứa Bin,seafood,protein,true,,,,,,
sua-bo-tuoi,sua-bo-tuoi,80001,Sữa Bò Tươi,Sữa Bò Tươi,Sua Bo Tuoi,Sữa Bò Tươi,sua-bo-tuoi,Sữa Bò Tươi,dairy,protein,true,,,,,,
sua-bap,sua-bap,90014,Sữa Bắp,Sữa Bắp,Sua Bap,Sữa Bắp,sua-bap,Sữa Bắp,beverages,beverage,true,,,,,,
sua-chua,sua-chua,80002,Sữa Chua,Sữa Chua,Sua Chua,Sữa Chua,sua-chua,Sữa Chua,dairy,protein,true,,,,,,
sua-chua-khong-duong,sua-chua-khong-duong,,Sữa Chua Không Ường,Sữa Chua Không Ường,Sua Chua Khong Uong,Sữa Chua Không Ường,sua-chua-khong-uong,Sữa Chua Không Ường,dairy,protein,true,,,,,,
sua-chua-nep-cam,sua-chua-nep-cam,12005,Sữa Chua Nếp Cẩm,Sữa Chua Nếp Cẩm,Sua Chua Nep Cam,Sữa Chua Nếp Cẩm,sua-chua-nep-cam,Sữa Chua Nếp Cẩm,desserts,snack,true,,,,,,
sua-chua-uop-lanh,sua-chua-uop-lanh,80008,Sữa Chua Ưp Lạnh,Sữa Chua Ưp Lạnh,Sua Chua Up Lanh,Sữa Chua Ưp Lạnh,sua-chua-up-lanh,Sữa Chua Ưp Lạnh,dairy,protein,true,,,,,,
sua-tach-beo,sua-tach-beo,,Sữa Tách Béo,Sữa Tách Béo,Sua Tach Beo,Sữa Tách Béo,sua-tach-beo,Sữa Tách Béo,dairy,protein,true,,,,,,
sua-tuoi-tiet-trung,sua-tuoi-tiet-trung,80006,Sữa Tươi Tit Trùng,Sữa Tươi Tit Trùng,Sua Tuoi Tit Trung,Sữa Tươi Tit Trùng,sua-tuoi-tit-trung,Sữa Tươi Tit Trùng,dairy,protein,true,,,,,,
sua-dau-nanh,sua-dau-nanh,80003,Sữa Ậu Nành,Sữa Ậu Nành,Sua Au Nanh,Sữa Ậu Nành,sua-au-nanh,Sữa Ậu Nành,dairy,protein,true,,,,,,
sua-dau-nanh-it-duong,sua-dau-nanh-it-duong,,Sữa Ậu Nành Ít Ường,Sữa Ậu Nành Ít Ường,Sua Au Nanh It Uong,Sữa Ậu Nành Ít Ường,sua-au-nanh-it-uong,Sữa Ậu Nành Ít Ường,beverages,beverage,true,,,,,,
sua-dac,sua-dac,80007,Sữa Ặc,Sữa Ặc,Sua Ac,Sữa Ặc,sua-ac,Sữa Ặc,dairy,protein,true,,,,,,
ot-chuong,ot-chuong,,T Chuông,T Chuông,T Chuong,T Chuông,t-chuong,T Chuông,vegetables,vegetable,true,,,,,,
tai-heo,tai-heo,20027,Tai Heo,Tai Heo,Tai Heo,Tai Heo,tai-heo,Tai Heo,meat,protein,true,,,,,,
thanh-long,thanh-long,50009,Thanh Long,Thanh Long,Thanh Long,Thanh Long,thanh-long,Thanh Long,fruits,fruit,true,thanh-long-fr21:Thanh Long|thanh-long-updated:Thanh Long,,,,,
thit-be-than,thit-be-than,20084,Thn Bê,Thn Bê,Thn Be,Thn Bê,thn-be,Thn Bê,meat,protein,true,,,,,,
than-ca-ngu,than-ca-ngu,30053,Thn Cá Ngừ,Thn Cá Ngừ,Thn Ca Ngu,Thn Cá Ngừ,thn-ca-ngu,Thn Cá Ngừ,seafood,protein,true,,,,,,
thit-bo-cau,thit-bo-cau,20030,Tht B Câu,Tht B Câu,Tht B Cau,Tht B Câu,tht-b-cau,Tht B Câu,meat,protein,true,,,,,,
thit-ba-chi,thit-ba-chi,20014,Tht Ba Ch,Tht Ba Ch,Tht Ba Ch,Tht Ba Ch,tht-ba-ch,Tht Ba Ch,meat,protein,true,,,,,,
thit-ba-chi-heo,thit-ba-chi-heo,20014,Tht Ba Ch Heo,Tht Ba Ch Heo,Tht Ba Ch Heo,Tht Ba Ch Heo,tht-ba-ch-heo,Tht Ba Ch Heo,meat,protein,true,,,,,,
thit-be,thit-be,20028,Tht Bê,Tht Bê,Tht Be,Tht Bê,tht-be,Tht Bê,meat,protein,true,,,,,,
thit-be-non,thit-be-non,20062,Tht Bê Non,Tht Bê Non,Tht Be Non,Tht Bê Non,tht-be-non,Tht Bê Non,meat,protein,true,,,,,,
thit-bo,thit-bo,20003,Tht Bò,Tht Bò,Tht Bo,Tht Bò,tht-bo,Tht Bò,meat,protein,true,,,,,,
thit-bo-bap,thit-bo-bap,20040,Tht Bò Bắp,Tht Bò Bắp,Tht Bo Bap,Tht Bò Bắp,tht-bo-bap,Tht Bò Bắp,meat,protein,true,,,,,,
bo-de-suon,bo-de-suon,20042,Tht Bò Dẻ Sườn,Tht Bò Dẻ Sườn,Tht Bo De Suon,Tht Bò Dẻ Sườn,tht-bo-de-suon,Tht Bò Dẻ Sườn,meat,protein,true,,,,,,
thit-bo-gan,thit-bo-gan,,Tht Bò Gân,Tht Bò Gân,Tht Bo Gan,Tht Bò Gân,tht-bo-gan,Tht Bò Gân,meat,protein,true,,,,,,
thit-bo-gau,thit-bo-gau,20041,Tht Bò Gầu,Tht Bò Gầu,Tht Bo Gau,Tht Bò Gầu,tht-bo-gau,Tht Bò Gầu,meat,protein,true,,,,,,
thit-bo-kho,thit-bo-kho,20007,Tht Bò Kho,Tht Bò Kho,Tht Bo Kho,Tht Bò Kho,tht-bo-kho,Tht Bò Kho,meat,protein,true,,,,,,
thit-bo-loi-vai,thit-bo-loi-vai,20065,Tht Bò Lõi Vai,Tht Bò Lõi Vai,Tht Bo Loi Vai,Tht Bò Lõi Vai,tht-bo-loi-vai,Tht Bò Lõi Vai,meat,protein,true,,,,,,
thit-bo-luc-lac,thit-bo-luc-lac,20010,Tht Bò Lúc Lắc,Tht Bò Lúc Lắc,Tht Bo Luc Lac,Tht Bò Lúc Lắc,tht-bo-luc-lac,Tht Bò Lúc Lắc,meat,protein,true,,,,,,
thit-bo-nac,thit-bo-nac,,Tht Bò Nạc,Tht Bò Nạc,Tht Bo Nac,Tht Bò Nạc,tht-bo-nac,Tht Bò Nạc,meat,protein,true,,,,,,
thit-bo-nam,thit-bo-nam,20017,Tht Bò Nạm,Tht Bò Nạm,Tht Bo Nam,Tht Bò Nạm,tht-bo-nam,Tht Bò Nạm,meat,protein,true,,,,,,
thit-bo-than,thit-bo-than,20016,Tht Bò Thn,Tht Bò Thn,Tht Bo Thn,Tht Bò Thn,tht-bo-thn,Tht Bò Thn,meat,protein,true,,,,,,
thit-bo-xay,thit-bo-xay,20018,Tht Bò Xay,Tht Bò Xay,Tht Bo Xay,Tht Bò Xay,tht-bo-xay,Tht Bò Xay,meat,protein,true,,,,,,
bo-xao-rau-cai,bo-xao-rau-cai,11030,Tht Bò Xào Rau Cải,Tht Bò Xào Rau Cải,Tht Bo Xao Rau Cai,Tht Bò Xào Rau Cải,tht-bo-xao-rau-cai,Tht Bò Xào Rau Cải,soups,mixed,true,,,,,,
thit-be-bung,thit-be-bung,20090,Tht Bụng Bê,Tht Bụng Bê,Tht Bung Be,Tht Bụng Bê,tht-bung-be,Tht Bụng Bê,meat,protein,true,,,,,,
thit-cu-gay,thit-cu-gay,20060,Tht Chim Cu Gáy,Tht Chim Cu Gáy,Tht Chim Cu Gay,Tht Chim Cu Gáy,tht-chim-cu-gay,Tht Chim Cu Gáy,meat,protein,true,,,,,,
thit-chim-cut,thit-chim-cut,20029,Tht Chim Cút,Tht Chim Cút,Tht Chim Cut,Tht Chim Cút,tht-chim-cut,Tht Chim Cút,meat,protein,true,,,,,,
thit-chim-se,thit-chim-se,20055,Tht Chim Sẻ,Tht Chim Sẻ,Tht Chim Se,Tht Chim Sẻ,tht-chim-se,Tht Chim Sẻ,meat,protein,true,,,,,,
thit-chim-tri,thit-chim-tri,20059,Tht Chim Trĩ,Tht Chim Trĩ,Tht Chim Tri,Tht Chim Trĩ,tht-chim-tri,Tht Chim Trĩ,meat,protein,true,,,,,,
thit-cho,thit-cho,20048,Tht Chó,Tht Chó,Tht Cho,Tht Chó,tht-cho,Tht Chó,meat,protein,true,,,,,,
thit-ca-sau,thit-ca-sau,20051,Tht Cá Sấu,Tht Cá Sấu,Tht Ca Sau,Tht Cá Sấu,tht-ca-sau,Tht Cá Sấu,meat,protein,true,,,,,,
thit-cay-huong,thit-cay-huong,20054,Tht Cầy Hương,Tht Cầy Hương,Tht Cay Huong,Tht Cầy Hương,tht-cay-huong,Tht Cầy Hương,meat,protein,true,,,,,,
thit-cuu,thit-cuu,20024,Tht Cừu,Tht Cừu,Tht Cuu,Tht Cừu,tht-cuu,Tht Cừu,meat,protein,true,,,,,,
thit-cuu-non,thit-cuu-non,20061,Tht Cừu Non,Tht Cừu Non,Tht Cuu Non,Tht Cừu Non,tht-cuu-non,Tht Cừu Non,meat,protein,true,,,,,,
thit-de,thit-de,20023,Tht Dê,Tht Dê,Tht De,Tht Dê,tht-de,Tht Dê,meat,protein,true,,,,,,
thit-de-than,thit-de-than,20076,Tht Dê Thn,Tht Dê Thn,Tht De Thn,Tht Dê Thn,tht-de-thn,Tht Dê Thn,meat,protein,true,,,,,,
thit-dui,thit-dui,20053,Tht Dúi,Tht Dúi,Tht Dui,Tht Dúi,tht-dui,Tht Dúi,meat,protein,true,,,,,,
thit-ga,thit-ga,20002,Tht G,Tht G,Tht G,Tht G,tht-g,Tht G,meat,protein,true,,,,,,
thit-ga-cong-nghiep-co-da,thit-ga-cong-nghiep-co-da,20043,Tht Gà Công Nghip (Có Da),Tht Gà Công Nghip (Có Da),Tht Ga Cong Nghip (Co Da),Tht Gà Công Nghip (Có,tht-ga-cong-nghip-co-da,Tht Gà Công Nghip (Có Da),meat,protein,true,,,,,,
thit-ga-cong-nghiep-bo-da,thit-ga-cong-nghiep-bo-da,20044,Tht Gà Công Nghip Bỏ Da,Tht Gà Công Nghip Bỏ Da,Tht Ga Cong Nghip Bo Da,Tht Gà Công Nghip Bỏ Da,tht-ga-cong-nghip-bo-da,Tht Gà Công Nghip Bỏ Da,meat,protein,true,,,,,,
ga-nuong,ga-nuong,20008,Tht Gà Nưng,Tht Gà Nưng,Tht Ga Nung,Tht Gà Nưng,tht-ga-nung,Tht Gà Nưng,meat,protein,true,thit-ga-nuong:Tht Gà Nưng,,,,,
thit-ga-ta-co-da,thit-ga-ta-co-da,20019,Tht Gà Ta (Có Da),Tht Gà Ta (Có Da),Tht Ga Ta (Co Da),Tht Gà Ta (Có Da),tht-ga-ta-co-da,Tht Gà Ta (Có Da),meat,protein,true,,,,,,
thit-ga-ta-bo-da,thit-ga-ta-bo-da,20020,Tht Gà Ta Bỏ Da,Tht Gà Ta Bỏ Da,Tht Ga Ta Bo Da,Tht Gà Ta Bỏ Da,tht-ga-ta-bo-da,Tht Gà Ta Bỏ Da,meat,protein,true,,,,,,
thit-heo-ba-chi,thit-heo-ba-chi,20005,Tht Heo Ba Ch,Tht Heo Ba Ch,Tht Heo Ba Ch,Tht Heo Ba Ch,tht-heo-ba-ch,Tht Heo Ba Ch,meat,protein,true,,,,,,
thit-heo-cot-let,thit-heo-cot-let,20036,Tht Heo Ct Lết,Tht Heo Ct Lết,Tht Heo Ct Let,Tht Heo Ct Lết,tht-heo-ct-let,Tht Heo Ct Lết,meat,protein,true,,,,,,
thit-heo-kho,thit-heo-kho,20009,Tht Heo Kho,Tht Heo Kho,Tht Heo Kho,Tht Heo Kho,tht-heo-kho,Tht Heo Kho,meat,protein,true,,,,,,
thit-heo-nac,thit-heo-nac,20001,Tht Heo Nạc,Tht Heo Nạc,Tht Heo Nac,Tht Heo Nạc,tht-heo-nac,Tht Heo Nạc,meat,protein,true,,,,,,
thit-heo-nac-dam,thit-heo-nac-dam,20037,Tht Heo Nạc Dm,Tht Heo Nạc Dm,Tht Heo Nac Dm,Tht Heo Nạc Dm,tht-heo-nac-dm,Tht Heo Nạc Dm,meat,protein,true,,,,,,
thit-heo-nac-mong,thit-heo-nac-mong,20013,Tht Heo Nạc Mông,Tht Heo Nạc Mông,Tht Heo Nac Mong,Tht Heo Nạc Mông,tht-heo-nac-mong,Tht Heo Nạc Mông,meat,protein,true,,,,,,
thit-heo-nac-vai,thit-heo-nac-vai,20012,Tht Heo Nạc Vai,Tht Heo Nạc Vai,Tht Heo Nac Vai,Tht Heo Nạc Vai,tht-heo-nac-vai,Tht Heo Nạc Vai,meat,protein,true,,,,,,
heo-quay,heo-quay,,Tht Heo Quay,Tht Heo Quay,Tht Heo Quay,Tht Heo Quay,tht-heo-quay,Tht Heo Quay,meat,protein,true,,,,,,
thit-heo-rung,thit-heo-rung,20056,Tht Heo Rừng,Tht Heo Rừng,Tht Heo Rung,Tht Heo Rừng,tht-heo-rung,Tht Heo Rừng,meat,protein,true,,,,,,
thit-heo-than-ngoai,thit-heo-than-ngoai,20039,Tht Heo Thn Ngoại,Tht Heo Thn Ngoại,Tht Heo Thn Ngoai,Tht Heo Thn Ngoại,tht-heo-thn-ngoai,Tht Heo Thn Ngoại,meat,protein,true,,,,,,
thit-heo-than-noi,thit-heo-than-noi,20038,Tht Heo Thn Ni,Tht Heo Thn Ni,Tht Heo Thn Ni,Tht Heo Thn Ni,tht-heo-thn-ni,Tht Heo Thn Ni,meat,protein,true,,,,,,
thit-heo-xay,thit-heo-xay,20015,Tht Heo Xay,Tht Heo Xay,Tht Heo Xay,Tht Heo Xay,tht-heo-xay,Tht Heo Xay,meat,protein,true,,,,,,
heo-xao-hanh-can,heo-xao-hanh-can,11031,Tht Heo Xào Hành Cần,Tht Heo Xào Hành Cần,Tht Heo Xao Hanh Can,Tht Heo Xào Hành Cần,tht-heo-xao-hanh-can,Tht Heo Xào Hành Cần,soups,mixed,true,,,,,,
thit-kho-trung-viet15,thit-kho-trung-viet15,,Tht Kho Trứng,Tht Kho Trứng,Tht Kho Trung,Tht Kho Trứng,tht-kho-trung,Tht Kho Trứng,meat,protein,true,,,,,,
thit-kho-tau,thit-kho-tau,11027,Tht Kho Tàu,Tht Kho Tàu,Tht Kho Tau,Tht Kho Tàu,tht-kho-tau,Tht Kho Tàu,meat,protein,true,,,,,,
thit-meo,thit-meo,20049,Tht Mèo,Tht Mèo,Tht Meo,Tht Mèo,tht-meo,Tht Mèo,meat,protein,true,,,,,,
thit-nai,thit-nai,20057,Tht Nai (Hươu),Tht Nai (Hươu),Tht Nai (Huou),Tht Nai (Hươu),tht-nai-huou,Tht Nai (Hươu),meat,protein,true,,,,,,
thit-ngan-co-da,thit-ngan-co-da,20045,Tht Ngan (Có Da),Tht Ngan (Có Da),Tht Ngan (Co Da),Tht Ngan (Có Da),tht-ngan-co-da,Tht Ngan (Có Da),meat,protein,true,,,,,,
thit-ngan-bo-da,thit-ngan-bo-da,20046,Tht Ngan Bỏ Da,Tht Ngan Bỏ Da,Tht Ngan Bo Da,Tht Ngan Bỏ Da,tht-ngan-bo-da,Tht Ngan Bỏ Da,meat,protein,true,,,,,,
thit-ngua,thit-ngua,20063,Tht Ngựa,Tht Ngựa,Tht Ngua,Tht Ngựa,tht-ngua,Tht Ngựa,meat,protein,true,,,,,,
thit-nhim,thit-nhim,20052,Tht Nhím,Tht Nhím,Tht Nhim,Tht Nhím,tht-nhim,Tht Nhím,meat,protein,true,,,,,,
thit-nac-vai,thit-nac-vai,,Tht Nạc Vai,Tht Nạc Vai,Tht Nac Vai,Tht Nạc Vai,tht-nac-vai,Tht Nạc Vai,meat,protein,true,,,,,,
thit-rang-mam-ruoc,thit-rang-mam-ruoc,11023,Tht Rang Mắm Ruc,Tht Rang Mắm Ruc,Tht Rang Mam Ruc,Tht Rang Mắm Ruc,tht-rang-mam-ruc,Tht Rang Mắm Ruc,soups,mixed,true,,,,,,
thit-ran,thit-ran,20050,Tht Rắn,Tht Rắn,Tht Ran,Tht Rắn,tht-ran,Tht Rắn,meat,protein,true,,,,,,
thit-tho,thit-tho,20031,Tht Thỏ,Tht Thỏ,Tht Tho,Tht Thỏ,tht-tho,Tht Thỏ,meat,protein,true,,,,,,
thit-trau,thit-trau,20047,Tht Trâu,Tht Trâu,Tht Trau,Tht Trâu,tht-trau,Tht Trâu,meat,protein,true,,,,,,
thit-trau-nam,thit-trau-nam,20070,Tht Trâu Nạm,Tht Trâu Nạm,Tht Trau Nam,Tht Trâu Nạm,tht-trau-nam,Tht Trâu Nạm,meat,protein,true,,,,,,
thit-trau-than,thit-trau-than,20068,Tht Trâu Thn,Tht Trâu Thn,Tht Trau Thn,Tht Trâu Thn,tht-trau-thn,Tht Trâu Thn,meat,protein,true,,,,,,
thit-be-vai,thit-be-vai,20087,Tht Vai Bê,Tht Vai Bê,Tht Vai Be,Tht Vai Bê,tht-vai-be,Tht Vai Bê,meat,protein,true,,,,,,
thit-bo-vai,thit-bo-vai,20064,Tht Vai Bò,Tht Vai Bò,Tht Vai Bo,Tht Vai Bò,tht-vai-bo,Tht Vai Bò,meat,protein,true,,,,,,
thit-de-vai,thit-de-vai,20078,Tht Vai Dê,Tht Vai Dê,Tht Vai De,Tht Vai Dê,tht-vai-de,Tht Vai Dê,meat,protein,true,,,,,,
thit-trau-vai,thit-trau-vai,20071,Tht Vai Trâu,Tht Vai Trâu,Tht Vai Trau,Tht Vai Trâu,tht-vai-trau,Tht Vai Trâu,meat,protein,true,,,,,,
thit-vit,thit-vit,20004,Tht Vt,Tht Vt,Tht Vt,Tht Vt,tht-vt,Tht Vt,meat,protein,true,,,,,,
thit-vit-co-da,thit-vit-co-da,20021,Tht Vt (Có Da),Tht Vt (Có Da),Tht Vt (Co Da),Tht Vt (Có Da),tht-vt-co-da,Tht Vt (Có Da),meat,protein,true,,,,,,
thit-vit-bo-da,thit-vit-bo-da,20022,Tht Vt Bỏ Da,Tht Vt Bỏ Da,Tht Vt Bo Da,Tht Vt Bỏ Da,tht-vt-bo-da,Tht Vt Bỏ Da,meat,protein,true,,,,,,
thit-da-dieu,thit-da-dieu,20058,Tht À Iu,Tht À Iu,Tht A Iu,Tht À Iu,tht-a-iu,Tht À Iu,meat,protein,true,,,,,,
thit-ech,thit-ech,20032,Tht Ếch,Tht Ếch,Tht Ech,Tht Ếch,tht-ech,Tht Ếch,meat,protein,true,,,,,,
thi-la,thi-la,40054,Thì L,Thì L,Thi L,Thì L,thi-l,Thì L,vegetables,vegetable,true,,,,,,
than-lon,than-lon,,Thận Lợn,Thận Lợn,Than Lon,Thận Lợn,than-lon,Thận Lợn,meat,protein,true,,,,,,
tim-ga,tim-ga,20106,Tim G,Tim G,Tim G,Tim G,tim-g,Tim G,meat,protein,true,,,,,,
tim-lon,tim-lon,,Tim Lợn,Tim Lợn,Tim Lon,Tim Lợn,tim-lon,Tim Lợn,meat,protein,true,,,,,,
tim-vit,tim-vit,20118,Tim Vt,Tim Vt,Tim Vt,Tim Vt,tim-vt,Tim Vt,meat,protein,true,,,,,,
tra-atiso,tra-atiso,90009,Trà Atiso,Trà Atiso,Tra Atiso,Trà Atiso,tra-atiso,Trà Atiso,beverages,beverage,true,,,,,,
tra-sua-tran-chau,tra-sua-tran-chau,90013,Trà Sữa Trân Châu,Trà Sữa Trân Châu,Tra Sua Tran Chau,Trà Sữa Trân Châu,tra-sua-tran-chau,Trà Sữa Trân Châu,beverages,beverage,true,,,,,,
tra-xanh,tra-xanh,90003,Trà Xanh,Trà Xanh,Tra Xanh,Trà Xanh,tra-xanh,Trà Xanh,beverages,beverage,true,,,,,,
tra-dao,tra-dao,90006,Trà Ào,Trà Ào,Tra Ao,Trà Ào,tra-ao,Trà Ào,beverages,beverage,true,,,,,,
tra-da,tra-da,90010,Trà Á,Trà Á,Tra A,Trà Á,tra-a,Trà Á,beverages,beverage,true,,,,,,
va,va,50044,Trái Vả,Trái Vả,Trai Va,Trái Vả,trai-va,Trái Vả,fruits,fruit,true,,,,,,
trung-chien-nuoc-mam,trung-chien-nuoc-mam,11013,Trứng Chiên Nưc Mắm,Trứng Chiên Nưc Mắm,Trung Chien Nuc Mam,Trứng Chiên Nưc Mắm,trung-chien-nuc-mam,Trứng Chiên Nưc Mắm,soups,mixed,true,,,,,,
trung-cut,trung-cut,80010,Trứng Cút,Trứng Cút,Trung Cut,Trứng Cút,trung-cut,Trứng Cút,dairy,protein,true,,,,,,
trung-cut-lon,trung-cut-lon,,Trứng Cút Ln,Trứng Cút Ln,Trung Cut Ln,Trứng Cút Ln,trung-cut-ln,Trứng Cút Ln,snacks,snack,true,,,,,,
trung-ga,trung-ga,80005,Trứng G,Trứng G,Trung G,Trứng G,trung-g,Trứng G,dairy,protein,true,,,,,,
trung-ngong,trung-ngong,80011,Trứng Ngng,Trứng Ngng,Trung Ngng,Trứng Ngng,trung-ngng,Trứng Ngng,dairy,protein,true,,,,,,
trung-vit,trung-vit,80009,Trứng Vt,Trứng Vt,Trung Vt,Trứng Vt,trung-vt,Trứng Vt,dairy,protein,true,,,,,,
trung-vit-lon,trung-vit-lon,,Trứng Vt Ln,Trứng Vt Ln,Trung Vt Ln,Trứng Vt Ln,trung-vt-ln,Trứng Vt Ln,snacks,snack,true,,,,,,
trung-xao-ca-chua,trung-xao-ca-chua,11032,Trứng Xào Cà Chua,Trứng Xào Cà Chua,Trung Xao Ca Chua,Trứng Xào Cà Chua,trung-xao-ca-chua,Trứng Xào Cà Chua,soups,mixed,true,,,,,,
tao,tao,50003,Táo,Táo,Tao,Táo,tao,Táo,fruits,fruit,true,,,,,,
tao-ta,tao-ta,50020,Táo Ta,Táo Ta,Tao Ta,Táo Ta,tao-ta,Táo Ta,fruits,fruit,true,,,,,,
tia-to,tia-to,40053,Tía Tô,Tía Tô,Tia To,Tía Tô,tia-to,Tía Tô,vegetables,vegetable,true,,,,,,
tom,tom,30002,Tôm,Tôm,Tom,Tôm,tom,Tôm,seafood,protein,true,,,,,,
tom-cang-xanh,tom-cang-xanh,30042,Tôm Càng Xanh,Tôm Càng Xanh,Tom Cang Xanh,Tôm Càng Xanh,tom-cang-xanh,Tôm Càng Xanh,freshwater,protein,true,,,,,,
tom-hum,tom-hum,30060,Tôm Hùm,Tôm Hùm,Tom Hum,Tôm Hùm,tom-hum,Tôm Hùm,seafood,protein,true,,,,,,
tom-kho,tom-kho,30044,Tôm Khô,Tôm Khô,Tom Kho,Tôm Khô,tom-kho,Tôm Khô,seafood,protein,true,,,,,,
tom-rim-man,tom-rim-man,11035,Tôm Rim Mặn,Tôm Rim Mặn,Tom Rim Man,Tôm Rim Mặn,tom-rim-man,Tôm Rim Mặn,soups,mixed,true,,,,,,
tom-su,tom-su,30028,Tôm Sú,Tôm Sú,Tom Su,Tôm Sú,tom-su,Tôm Sú,seafood,protein,true,,,,,,
tom-the,tom-the,30029,Tôm Thẻ,Tôm Thẻ,Tom The,Tôm Thẻ,tom-the,Tôm Thẻ,seafood,protein,true,,,,,,
tom-dat,tom-dat,30043,Tôm Ất,Tôm Ất,Tom At,Tôm Ất,tom-at,Tôm Ất,seafood,protein,true,,,,,,
tuong-ban,tuong-ban,70015,Tương Bần,Tương Bần,Tuong Ban,Tương Bần,tuong-ban,Tương Bần,condiments,mixed,true,,,,,,
tuong-ca,tuong-ca,70014,Tương C,Tương C,Tuong C,Tương C,tuong-c,Tương C,condiments,mixed,true,,,,,,
tuong-den,tuong-den,,Tương En,Tương En,Tuong En,Tương En,tuong-en,Tương En,condiments,mixed,true,,,,,,
tuong-ot,tuong-ot,70002,Tương T,Tương T,Tuong T,Tương T,tuong-t,Tương T,condiments,mixed,true,,,,,,
toi,toi,20096,Tỏi,Tỏi,Toi,Tỏi,toi,Tỏi,vegetables,vegetable,true,,,,,,
viet-quat-vn,viet-quat-vn,50042,Vit Quất (VN),Vit Quất (VN),Vit Quat (VN),Vit Quất (VN),vit-quat-vn,Vit Quất (VN),fruits,fruit,true,,,,,,
ruou-vodka-40,ruou-vodka-40,90023,Vodka (40% ABV),Vodka (40% ABV),Vodka (40% ABV),Vodka (40% ABV),vodka-40-abv,Vodka (40% ABV),beverages,beverage,true,,,,,,
vit-quay,vit-quay,,Vt Quay,Vt Quay,Vt Quay,Vt Quay,vt-quay,Vt Quay,meat,protein,true,,,,,,
vay-ca-ngu,vay-ca-ngu,30058,Vây Cá Ngừ,Vây Cá Ngừ,Vay Ca Ngu,Vây Cá Ngừ,vay-ca-ngu,Vây Cá Ngừ,seafood,protein,true,,,,,,
vu-sua,vu-sua,50026,Vú Sữa,Vú Sữa,Vu Sua,Vú Sữa,vu-sua,Vú Sữa,fruits,fruit,true,,,,,,
vai,vai,20012,Vải,Vải,Vai,Vải,vai,Vải,fruits,fruit,true,,,,,,
ruou-whisky-40,ruou-whisky-40,90024,Whisky (40% ABV),Whisky (40% ABV),Whisky (40% ABV),Whisky (40% ABV),whisky-40-abv,Whisky (40% ABV),beverages,beverage,true,,,,,,
xoai,xoai,50005,Xoài,Xoài,Xoai,Xoài,xoai,Xoài,fruits,fruit,true,,,,,,
xoai-chin,xoai-chin,50021,Xoài Chín,Xoài Chín,Xoai Chin,Xoài Chín,xoai-chin,Xoài Chín,fruits,fruit,true,xoai-chin-fr18:Xoài Chín,,,,,
xoai-xanh,xoai-xanh,,Xoài Xanh,Xoài Xanh,Xoai Xanh,Xoài Xanh,xoai-xanh,Xoài Xanh,fruits,fruit,true,,,,,,
xa-lach-updated,xa-lach-updated,40041,Xà Lách,Xà Lách,Xa Lach,Xà Lách,xa-lach,Xà Lách,vegetables,vegetable,true,,,,,,
xi-dau,xi-dau,70007,Xì Dầu (Nưc Tương),Xì Dầu (Nưc Tương),Xi Dau (Nuc Tuong),Xì Dầu (Nưc Tương),xi-dau-nuc-tuong,Xì Dầu (Nưc Tương),condiments,fat,true,,,,,,
xoi-ga,xoi-ga,10025,Xôi G,Xôi G,Xoi G,Xôi G,xoi-g,Xôi G,rice-noodles,carb,true,,,,,,
xoi-man,xoi-man,10024,Xôi Mặn,Xôi Mặn,Xoi Man,Xôi Mặn,xoi-man,Xôi Mặn,rice-noodles,carb,true,,,,,,
xuc-xich-heo,xuc-xich-heo,20035,Xúc Xích Heo,Xúc Xích Heo,Xuc Xich Heo,Xúc Xích Heo,xuc-xich-heo,Xúc Xích Heo,meat,protein,true,,,,,,
yen-mach-chao,yen-mach-chao,,Yến Mạch (Cháo),Yến Mạch (Cháo),Yen Mach (Chao),Yến Mạch (Cháo),yen-mach-chao,Yến Mạch (Cháo),rice-noodles,carb,true,,,,,,
du-du,du-du,50006,Đu Ủ,Đu Ủ,Đu U,Đu Ủ,u-u,Đu Ủ,fruits,fruit,true,,,,,,
du-du-updated,du-du-updated,50022,Đu Ủ Chín,Đu Ủ Chín,Đu U Chin,Đu Ủ Chín,u-u-chin,Đu Ủ Chín,fruits,fruit,true,du-du-chin-fr25:Đu Ủ Chín,,,,,
du-du-xanh,du-du-xanh,,Đu Ủ Xanh,Đu Ủ Xanh,Đu U Xanh,Đu Ủ Xanh,u-u-xanh,Đu Ủ Xanh,vegetables,vegetable,true,,,,,,
duoi-be,duoi-be,20092,Đuôi Bê,Đuôi Bê,Đuoi Be,Đuôi Bê,uoi-be,Đuôi Bê,meat,protein,true,,,,,,
duoi-bo,duoi-bo,20066,Đuôi Bò,Đuôi Bò,Đuoi Bo,Đuôi Bò,uoi-bo,Đuôi Bò,meat,protein,true,,,,,,
duoi-ca-ngu,duoi-ca-ngu,30059,Đuôi Cá Ngừ,Đuôi Cá Ngừ,Đuoi Ca Ngu,Đuôi Cá Ngừ,uoi-ca-ngu,Đuôi Cá Ngừ,seafood,protein,true,,,,,,
duoi-de,duoi-de,20083,Đuôi Dê,Đuôi Dê,Đuoi De,Đuôi Dê,uoi-de,Đuôi Dê,meat,protein,true,,,,,,
duoi-trau,duoi-trau,20073,Đuôi Trâu,Đuôi Trâu,Đuoi Trau,Đuôi Trâu,uoi-trau,Đuôi Trâu,meat,protein,true,,,,,,
thit-de-dui,thit-de-dui,20077,Đùi Dê,Đùi Dê,Đui De,Đùi Dê,ui-de,Đùi Dê,meat,protein,true,,,,,,
dui-ga,dui-ga,20095,Đùi G,Đùi G,Đui G,Đùi G,ui-g,Đùi G,meat,protein,true,,,,,,
dui-goc-tu-ga,dui-goc-tu-ga,20097,Đùi Góc Tư G,Đùi Góc Tư G,Đui Goc Tu G,Đùi Góc Tư G,ui-goc-tu-g,Đùi Góc Tư G,meat,protein,true,,,,,,
dui-toi-ga,dui-toi-ga,20096,Đùi Tỏi G,Đùi Tỏi G,Đui Toi G,Đùi Tỏi G,ui-toi-g,Đùi Tỏi G,meat,protein,true,,,,,,
dui-toi-vit,dui-toi-vit,20111,Đùi Tỏi Vt,Đùi Tỏi Vt,Đui Toi Vt,Đùi Tỏi Vt,ui-toi-vt,Đùi Tỏi Vt,meat,protein,true,,,,,,
dui-vit,dui-vit,20110,Đùi Vt,Đùi Vt,Đui Vt,Đùi Vt,ui-vt,Đùi Vt,meat,protein,true,,,,,,
duong-cat-trang,duong-cat-trang,70004,Đường Cát Trắng,Đường Cát Trắng,Đuong Cat Trang,Đường Cát Trắng,uong-cat-trang,Đường Cát Trắng,condiments,mixed,true,,,,,,
dau-ga,dau-ga,20100,Đầu G,Đầu G,Đau G,Đầu G,au-g,Đầu G,meat,protein,true,,,,,,
dau-bap,dau-bap,40009,Đậu Bắp,Đậu Bắp,Đau Bap,Đậu Bắp,au-bap,Đậu Bắp,vegetables,vegetable,true,dau-bao:Đậu Bắp,,,,,
dau-bap-xanh,dau-bap-xanh,40028,Đậu Bắp Xanh,Đậu Bắp Xanh,Đau Bap Xanh,Đậu Bắp Xanh,au-bap-xanh,Đậu Bắp Xanh,vegetables,vegetable,true,,,,,,
dau-bap-do,dau-bap-do,,Đậu Bắp Ỏ,Đậu Bắp Ỏ,Đau Bap O,Đậu Bắp Ỏ,au-bap-o,Đậu Bắp Ỏ,vegetables,vegetable,true,,,,,,
dau-co-ve,dau-co-ve,60008,Đậu Cô Ve,Đậu Cô Ve,Đau Co Ve,Đậu Cô Ve,au-co-ve,Đậu Cô Ve,legumes,protein,true,,,,,,
dau-den,dau-den,60006,Đậu En,Đậu En,Đau En,Đậu En,au-en,Đậu En,legumes,protein,true,,,,,,
dau-den-kho,dau-den-kho,60012,Đậu En Khô,Đậu En Khô,Đau En Kho,Đậu En Khô,au-en-kho,Đậu En Khô,legumes,protein,true,,,,,,
dau-ha-lan-kho,dau-ha-lan-kho,60016,Đậu Hà Lan Khô,Đậu Hà Lan Khô,Đau Ha Lan Kho,Đậu Hà Lan Khô,au-ha-lan-kho,Đậu Hà Lan Khô,legumes,protein,true,,,,,,
dau-ha-lan,dau-ha-lan,40027,Đậu Hà Lan Tươi,Đậu Hà Lan Tươi,Đau Ha Lan Tuoi,Đậu Hà Lan Tươi,au-ha-lan-tuoi,Đậu Hà Lan Tươi,vegetables,vegetable,true,dau-ha-lan-updated:Đậu Hà Lan Tươi,,,,,
dau-hu-chien,dau-hu-chien,11036,Đậu Hũ Chiên,Đậu Hũ Chiên,Đau Hu Chien,Đậu Hũ Chiên,au-hu-chien,Đậu Hũ Chiên,soups,mixed,true,,,,,,
dau-hu-kho-nam,dau-hu-kho-nam,11050,Đậu Hũ Kho Nấm,Đậu Hũ Kho Nấm,Đau Hu Kho Nam,Đậu Hũ Kho Nấm,au-hu-kho-nam,Đậu Hũ Kho Nấm,soups,mixed,true,,,,,,
dau-hu-sot-ca,dau-hu-sot-ca,11014,Đậu Hũ St C,Đậu Hũ St C,Đau Hu St C,Đậu Hũ St C,au-hu-st-c,Đậu Hũ St C,soups,mixed,true,,,,,,
dau-lang-kho,dau-lang-kho,60014,Đậu Lng Khô,Đậu Lng Khô,Đau Lng Kho,Đậu Lng Khô,au-lng-kho,Đậu Lng Khô,legumes,protein,true,,,,,,
dau-nanh,dau-nanh,80003,Đậu Nành,Đậu Nành,Đau Nanh,Đậu Nành,au-nanh,Đậu Nành,legumes,protein,true,,,,,,
dau-nanh-kho,dau-nanh-kho,60010,Đậu Nành Khô,Đậu Nành Khô,Đau Nanh Kho,Đậu Nành Khô,au-nanh-kho,Đậu Nành Khô,legumes,protein,true,,,,,,
dau-phong-kho,dau-phong-kho,60015,Đậu Phng (Lạc) Khô,Đậu Phng (Lạc) Khô,Đau Phng (Lac) Kho,Đậu Phng (Lạc) Khô,au-phng-lac-kho,Đậu Phng (Lạc) Khô,legumes,protein,true,,,,,,
dau-phu,dau-phu,60001,Đậu Phụ,Đậu Phụ,Đau Phu,Đậu Phụ,au-phu,Đậu Phụ,legumes,protein,true,,,,,,
dau-phung,dau-phung,,Đậu Phụng,Đậu Phụng,Đau Phung,Đậu Phụng,au-phung,Đậu Phụng,legumes,protein,true,,,,,,
dau-que,dau-que,40026,Đậu Que,Đậu Que,Đau Que,Đậu Que,au-que,Đậu Que,vegetables,vegetable,true,,,,,,
dau-rong,dau-rong,,Đậu Rng (Quả),Đậu Rng (Quả),Đau Rng (Qua),Đậu Rng (Quả),au-rng-qua,Đậu Rng (Quả),vegetables,vegetable,true,,,,,,
dau-trang,dau-trang,60007,Đậu Trắng,Đậu Trắng,Đau Trang,Đậu Trắng,au-trang,Đậu Trắng,legumes,protein,true,,,,,,
dau-xanh,dau-xanh,60002,Đậu Xanh,Đậu Xanh,Đau Xanh,Đậu Xanh,au-xanh,Đậu Xanh,legumes,protein,true,,,,,,
dau-xanh-kho,dau-xanh-kho,60011,Đậu Xanh Khô,Đậu Xanh Khô,Đau Xanh Kho,Đậu Xanh Khô,au-xanh-kho,Đậu Xanh Khô,legumes,protein,true,,,,,,
dau-do,dau-do,60004,Đậu Ỏ,Đậu Ỏ,Đau O,Đậu Ỏ,au-o,Đậu Ỏ,legumes,protein,true,,,,,,
dau-do-kho,dau-do-kho,60013,Đậu Ỏ Khô,Đậu Ỏ Khô,Đau O Kho,Đậu Ỏ Khô,au-o-kho,Đậu Ỏ Khô,legumes,protein,true,,,,,,
oc-buou,oc-buou,30040,Ốc Bươu,Ốc Bươu,Oc Buou,Ốc Bươu,oc-buou,Ốc Bươu,freshwater,protein,true,,,,,,
oc-huong,oc-huong,30041,Ốc Hương,Ốc Hương,Oc Huong,Ốc Hương,oc-huong,Ốc Hương,seafood,protein,true,,,,,,
uc-ga,uc-ga,20094,Ức G,Ức G,Uc G,Ức G,uc-g,Ức G,meat,protein,true,,,,,,
uc-vit,uc-vit,20109,Ức Vt,Ức Vt,Uc Vt,Ức Vt,uc-vt,Ức Vt,meat,protein,true,,,,,,
